time_us,pressure_pa,temp,altitude,fakeYaw,fakePitch,fakeRoll,ax,ay,az,wx,wy,wz,cont_drogue,cont_main,state,fired_main_us,fired_drogue_us
4747449,99825,24.11,0,0,0.45,-0.04,-1001.22,-82.03,71.78,-0.06,-0.06,0.06,0,0,0,0,0
4758436,99825,24.11,0,0,6.69,-0.5,-1001.22,-73.97,66.65,0,0.12,0,0,0,0,0,0
4768535,99825,24.11,0,0,12.33,-0.94,-1005.62,-76.9,68.12,0.18,0.31,0.06,0,0,0,0,0
4778623,99825,24.11,0,0,17.8,-1.38,-1002.69,-74.71,72.51,0.12,0.12,0.06,0,0,0,0,0
4788734,99825,24.11,0,0,23.09,-1.78,-1004.15,-67.38,72.51,0.24,0.12,0.06,0,0,0,0,0
4798765,99827,24.13,0,0,28.09,-2.2,-1001.95,-68.12,76.9,0,0.06,0,0,0,0,0,0
4808867,99827,24.13,0,0,32.9,-2.64,-1001.95,-68.85,65.92,-0.06,0.06,0,0,0,0,0,0
4818988,99827,24.13,0,0,37.4,-3.15,-1001.95,-75.44,74.71,-0.12,0.18,0,0,0,0,0,0
4829118,99827,24.13,0,0,41.61,-3.72,-1001.22,-79.1,71.78,-0.24,0.06,-0.06,0,0,0,0,0
4839241,99827,24.13,0,0,45.5,-4.33,-1002.69,-81.3,74.71,-0.31,-0.06,-0.12,0,0,0,0,0
4849697,99828,24.15,0,0,49.24,-4.92,-1003.42,-72.51,69.58,-0.06,0.12,0,0,0,0,0,0
5785148,99829,24.36,0,0,84.26,-45.14,-1002.69,-76.17,76.17,-0.18,-0.06,0,0,0,0,0,0
6801215,99833,24.42,0,0,84.43,-45.38,-1004.15,-58.59,69.58,0.49,-0.43,0.12,0,0,0,0,0
7822994,99831,24.46,0,-0.19,84.38,-44.6,-1010.01,-128.17,59.33,-0.18,-0.61,0.49,0,0,0,0,0
8844804,99831,24.5,0,-0.97,84.32,-45.89,-974.12,-87.89,131.1,-2.14,0.43,-1.16,0,0,0,0,0
9866350,99823,24.54,0,-0.77,84.45,-45,-1000.49,-70.31,65.92,-0.55,-0.12,-0.98,0,0,0,0,0
10887924,99826,24.58,0,-0.63,84.39,-44.81,-1002.69,-71.04,80.57,0.06,0.37,-0.43,0,1,0,0,0
11909747,99824,24.62,0,-0.33,84.53,-44.41,-1007.81,-69.58,77.64,-0.24,-0.31,-0.55,0,1,0,0,0
12931094,99822,24.65,0,-0.33,84.5,-44.33,-1006.35,-62.99,74.71,0.06,0.31,-0.37,0,1,0,0,0
13952628,99823,24.69,0,-1.1,84.44,-45.05,-1001.95,-73.97,78.37,0.24,0,-0.24,0,1,0,0,0
14974080,99832,24.73,0,-1.55,84.5,-45.42,-1003.42,-69.58,69.58,-0.06,-0.06,0,0,1,0,0,0
15995920,99832,24.77,0,-1.52,84.5,-45.33,-1003.42,-69.58,71.78,-0.06,0.18,-0.31,0,0,0,0,0
17017374,99835,24.81,0,-2.12,84.43,-45.88,-1003.42,-70.31,77.64,0.12,-0.24,-0.24,0,0,0,0,0
18039068,99829,24.84,0,-2.12,84.46,-45.81,-999.76,-75.44,69.58,0.12,-0.31,0.18,0,0,0,0,0
19060852,99827,24.87,0,-1.81,84.44,-45.44,-1002.69,-67.38,73.24,0,0,0.12,0,0,0,0,0
20082578,99831,24.91,0,-1.69,84.47,-45.26,-1003.42,-73.97,72.51,-0.18,0.12,-0.31,0,0,0,0,0
21104515,99834,24.94,0,-1.94,84.48,-45.46,-1001.95,-73.97,82.03,-0.12,0.18,0,0,0,0,0,0
22126108,99824,24.97,0,-2.38,84.5,-45.85,-1003.42,-66.65,61.52,0.06,0,-0.06,0,0,0,0,0
23147668,99834,25,0,-2.38,84.45,-45.82,-1001.22,-70.31,73.24,0,0.31,-0.18,0,0,0,0,0
24169046,99836,25.04,0,-2.45,84.46,-45.81,-999.02,-73.24,79.83,-0.06,-0.37,0,0,0,0,0,0
25190531,99825,25.08,0,-2.58,84.45,-45.89,-1004.88,-65.92,68.85,-0.12,-0.06,0.06,0,1,0,0,0
26212273,99824,25.11,0,-2.42,84.45,-45.64,-1005.62,-77.64,70.31,-0.24,0.18,-0.12,0,1,0,0,0
27235323,99825,25.14,0,-2.61,84.42,-45.8,-1001.22,-73.97,76.9,0.24,0.18,0,0,1,0,0,0
28257135,99826,25.17,0,-3.03,84.46,-46.22,-1003.42,-71.78,69.58,-0.24,0,0.18,0,1,0,0,0
29279474,99829,25.21,0,-2.77,84.45,-45.81,-1003.42,-70.31,72.51,-0.06,0.12,0.12,0,1,0,0,0
30301392,99828,25.24,0,-2.58,84.52,-45.52,-1004.15,-69.58,68.85,0.06,-0.24,0.12,0,0,0,0,0
31323437,99828,25.26,0,-2.53,84.49,-45.43,-1007.81,-76.9,65.92,0,0.18,0.06,0,0,0,0,0
32345392,99824,25.29,0,-2.85,84.5,-45.66,-1004.88,-90.82,61.52,-0.73,0.24,0,0,0,0,0,0
33367123,99827,25.32,0,-2.72,84.47,-45.51,-1002.69,-65.92,72.51,0.06,0.18,-0.12,0,0,0,0,0
34389126,99826,25.35,0,-3.03,84.48,-45.75,-996.83,-73.24,70.31,0.18,-0.06,0.06,0,0,0,0,0
35411245,99827,25.39,0,-2.7,84.48,-45.36,-1002.69,-69.58,69.58,0.06,0.12,0,0,0,0,0,0
36433228,99833,25.42,0,-3.09,84.46,-45.73,-1001.22,-70.31,78.37,-0.06,0.12,-0.12,0,0,0,0,0
37454995,99833,25.44,0,-3.06,84.47,-45.64,-1007.08,-71.04,80.57,-0.18,-0.18,-0.06,0,0,0,0,0
38476791,99830,25.47,0,-3.19,84.5,-45.73,-1005.62,-60.79,71.04,0.12,-0.12,-0.12,0,0,0,0,0
39498384,99828,25.5,0,-3.5,84.48,-45.98,-1000.49,-69.58,72.51,0.12,0,-0.12,0,0,0,0,0
40520195,99829,25.52,0,-3.6,84.46,-46.01,-1003.42,-76.9,66.65,0.18,0,-0.06,0,0,0,0,0
41541338,99824,25.55,0,-3.37,84.47,-45.7,-1000.49,-76.9,66.65,0,0.24,-0.24,0,0,0,0,0
42563498,99823,25.57,0,-3.11,84.48,-45.39,-1007.81,-74.71,70.31,0.06,-0.12,-0.37,0,0,0,0,0
43585599,99825,25.6,0,-3.65,84.53,-45.86,-1004.88,-71.78,63.72,-0.06,-0.06,0,0,0,0,0,0
44607363,99826,25.62,0,-3.06,84.55,-45.18,-1005.62,-68.12,71.04,0,0.18,0.12,0,0,0,0,0
45629264,99821,25.64,0,-3.44,84.53,-45.48,-1002.69,-73.24,72.51,0.37,0,0,0,1,0,0,0
46650976,99822,25.67,0,-2.93,84.54,-44.83,-1005.62,-65.19,79.1,0.37,0.18,0,0,1,0,0,0
47673041,99822,25.7,0,-3.13,84.56,-44.99,-1000.49,-75.44,79.83,0,-0.06,0.06,0,1,0,0,0
48694807,99820,25.72,0,-3.69,84.53,-45.5,-1003.42,-68.12,71.04,0.31,-0.18,0.06,0,1,0,0,0
49716466,99819,25.74,0,-3.33,84.55,-45.08,-1004.88,-60.79,62.26,0.24,0,0,0,1,0,0,0
50738455,99818,25.76,0,-2.89,84.53,-44.57,-1001.22,-61.52,71.04,0.18,0.06,0.12,0,0,0,0,0
51763409,99812,25.79,0,-2.98,84.57,-44.56,-1001.95,-57.13,66.65,-0.06,-0.18,-0.12,0,0,0,0,0
52785525,99822,25.81,0,-3.51,84.52,-45.06,-1004.88,-76.17,79.1,-0.43,0.12,0,0,0,0,0,0
53807209,99824,25.83,0,-3.88,84.52,-45.39,-1007.08,-62.99,71.78,0.24,0.24,-0.12,0,0,0,0,0
54829224,99818,25.85,0,-3.62,84.5,-45.07,-1001.95,-75.44,76.9,0,0,-0.24,0,0,0,0,0
55850916,99824,25.88,0,-3.93,84.51,-45.32,-1005.62,-74.71,64.45,0,0.12,0.06,0,0,0,0,0
56872990,99820,25.9,0,-4.29,84.51,-45.62,-1006.35,-75.44,65.19,0.37,0.24,-0.06,0,0,0,0,0
57895022,99817,25.92,0,-4.27,84.48,-45.54,-1004.15,-73.97,76.9,0.18,0.12,0,0,0,0,0,0
58919686,99820,25.95,0,-4.42,84.51,-45.63,-999.76,-76.17,75.44,-0.06,-0.12,-0.06,0,0,0,0,0
59939094,99819,25.97,0,-4.07,84.46,-45.2,-1004.88,-79.83,73.24,-0.67,0.43,0,0,0,0,0,0
60961100,99824,26,0,-4.47,84.46,-45.54,-999.02,-75.44,76.17,0.49,-0.31,-0.31,0,0,0,0,0
61982938,99819,26.02,0,-4.83,84.48,-45.78,-1004.88,-75.44,66.65,0.06,-0.24,-0.12,0,0,0,0,0
63005877,99823,26.04,0,-4.68,84.47,-45.58,-1004.15,-76.17,68.85,-0.12,0.18,0,0,0,0,0,0
64027757,99823,26.06,0,-4.94,84.5,-45.79,-1004.15,-70.31,71.04,0.49,-0.18,0,0,0,0,0,0
65049853,99820,26.09,0,-4.61,84.51,-45.42,-1005.62,-66.65,65.19,0.24,-0.24,0,0,0,0,0,0
66071523,99818,26.11,0,-4.28,84.46,-45.01,-1002.69,-70.31,74.71,-0.18,0.37,0,0,0,0,0,0
67093496,99816,26.13,0,-4.35,84.45,-45.01,-1004.15,-69.58,76.17,0,0.06,-0.06,0,0,0,0,0
68115625,99823,26.15,0,-5.11,84.47,-45.72,-1001.95,-68.12,79.1,0.18,-0.12,-0.06,0,0,0,0,0
69137820,99822,26.17,0,-5.28,84.48,-45.84,-1001.95,-71.78,68.85,-0.06,0.06,0,0,0,0,0,0
70159449,99822,26.19,0,-5.14,84.52,-45.59,-1007.81,-60.06,72.51,0.18,-0.18,0.18,0,0,0,0,0
71181718,99822,26.21,0,-5.03,84.52,-45.4,-1004.88,-64.45,65.92,0.31,0.12,-0.06,0,0,0,0,0
72203515,99821,26.22,0,-4.97,84.51,-45.25,-1006.35,-71.78,73.97,0.55,0.12,0.12,0,0,0,0,0
73225565,99820,26.24,0,-5.02,84.51,-45.2,-1004.15,-70.31,73.24,-0.18,0.31,0.12,0,0,0,0,0
74247489,99821,26.26,0,-5.25,84.53,-45.36,-1002.69,-72.51,74.71,-0.31,0.06,-0.12,0,0,0,0,0
75269306,99822,26.28,0,-5.28,84.48,-45.37,-1001.95,-79.83,66.65,0.06,0.12,-0.18,0,0,0,0,0
76291273,99818,26.3,0,-4.95,84.52,-44.92,-1005.62,-62.26,65.19,-0.12,-0.12,-0.18,0,0,0,0,0
77313324,99823,26.32,0,-5.28,84.5,-45.19,-1003.42,-49.07,75.44,0.18,-0.06,-0.06,0,0,0,0,0
78335187,99821,26.34,0,-5.58,84.5,-45.44,-1001.22,-83.5,58.59,-0.49,0.24,-0.06,0,0,0,0,0
79357166,99826,26.36,0,-5.93,84.49,-45.73,-1006.35,-88.62,81.3,0.24,-0.06,-0.31,0,0,0,0,0
80379018,99830,26.39,0,-5.62,84.48,-45.36,-1003.42,-74.71,65.19,-0.55,0,-0.18,0,0,0,0,0
81400784,99822,26.4,0,-5.32,84.47,-45.02,-1007.08,-73.24,78.37,-0.31,0.43,0.06,0,0,0,0,0
82422759,99822,26.42,0,-5.7,84.48,-45.31,-1007.81,-69.58,65.19,-0.55,-0.12,0,0,0,0,0,0
83444530,99816,26.44,0,-5.32,84.47,-44.81,-999.02,-65.92,72.51,0,0.12,0.12,0,0,0,0,0
84466654,99820,26.46,0,-5.42,84.48,-44.87,-1002.69,-69.58,79.83,0.43,0,-0.18,0,0,0,0,0
85488591,99815,26.48,0,-5.7,84.5,-45.08,-1004.15,-69.58,68.85,0.18,-0.31,-0.37,0,0,0,0,0
86510508,99816,26.49,0,-5.45,84.49,-44.85,-1000.49,-62.26,60.06,-0.43,0.06,0,0,0,0,0,0
87532494,99816,26.51,0,-5.47,84.46,-44.83,-1001.22,-71.04,68.85,0.06,0.12,-0.06,0,0,0,0,0
88554631,99814,26.53,0,-5.42,84.5,-44.7,-1010.01,-67.38,66.65,0.12,0.18,-0.12,0,0,0,0,0
89576513,99818,26.54,0,-5.46,84.52,-44.69,-1001.22,-75.44,68.12,0.12,0.12,-0.12,0,0,0,0,0
90598334,99812,26.56,0,-5.37,84.56,-44.51,-1002.69,-70.31,66.65,-0.06,-0.61,-0.06,0,0,0,0,0
91620141,99815,26.58,0,-5.66,84.61,-44.7,-1007.08,-66.65,49.8,-0.18,-0.06,0.18,0,0,0,0,0
92642179,99818,26.59,0,-5.66,84.53,-44.66,-998.29,-70.31,68.85,0,0.24,-0.12,0,0,0,0,0
93664102,99820,26.62,0,-5.89,84.51,-44.8,-1004.15,-76.9,80.57,-0.18,-0.18,0,0,0,0,0,0
94685997,99824,26.63,0,-5.98,84.54,-44.82,-1002.69,-71.04,72.51,0.12,0.12,-0.43,0,0,0,0,0
95707540,99818,26.65,0,-6.31,84.52,-45.08,-1004.15,-66.65,65.92,0.18,0.12,-0.18,0,0,0,0,0
96729529,99820,26.67,0,-6.19,84.53,-44.9,-1006.35,-65.19,69.58,0.12,0.18,0.24,0,0,0,0,0
97751300,99820,26.69,0,-5.72,84.53,-44.35,-1001.95,-57.86,74.71,0.18,0.06,0.12,0,0,0,0,0
98773085,99823,26.7,0,-6.12,84.57,-44.67,-1008.54,-54.2,68.85,0,-0.06,-0.24,0,0,0,0,0
99798188,99826,26.72,0,-6.61,84.54,-45.07,-1004.15,-70.31,62.26,-0.18,0.18,-0.24,0,0,0,0,0
100820528,99821,26.73,0,-7.04,84.52,-45.46,-997.56,-73.97,73.24,0,0.06,0.06,0,0,0,0,0
101842059,99823,26.75,0,-7.11,84.53,-45.48,-1010.74,-57.13,73.24,0.61,-0.18,0.06,0,0,0,0,0
102863904,99823,26.76,0,-6.78,84.55,-45.04,-998.29,-90.09,63.72,0,0.06,-0.24,0,0,0,0,0
103885773,99827,26.78,0,-7.18,84.53,-45.35,-1002.69,-76.9,73.24,-0.18,0,-0.24,0,0,0,0,0
104907590,99826,26.79,0,-7.59,84.52,-45.67,-1004.88,-76.17,73.24,0.31,0.06,0.12,0,0,0,0,0
105929529,99822,26.81,0,-7.29,84.57,-45.28,-1002.69,-68.85,76.17,0.18,0.12,0.24,0,0,0,0,0
106951051,99823,26.83,0,-7.34,84.55,-45.28,-1004.88,-68.85,68.85,0.24,0.18,-0.37,0,0,0,0,0
107973055,99823,26.84,0,-7.24,84.54,-45.11,-1002.69,-71.04,69.58,0,0.06,-0.06,0,0,0,0,0
108994704,99819,26.86,0,-7.14,84.52,-44.94,-1006.35,-68.12,76.9,0.12,0,-0.12,0,0,0,0,0
110016718,99822,26.87,0,-7.56,84.54,-45.29,-1004.15,-73.24,72.51,-0.06,-0.06,0.06,0,0,0,0,0
111038577,99816,26.89,0,-7.63,84.54,-45.31,-1005.62,-71.04,62.99,0.12,0,0.24,0,0,0,0,0
112060186,99822,26.9,0,-7.42,84.52,-45.04,-1001.95,-63.72,76.17,0.24,0.12,-0.06,0,0,0,0,0
113082135,99822,26.92,0,-7.75,84.52,-45.31,-1002.69,-68.12,77.64,-0.06,-0.06,-0.24,0,0,0,0,0
114104380,99824,26.93,0,-7.74,84.48,-45.25,-1003.42,-71.04,65.92,-0.06,0.31,-0.18,0,0,0,0,0
115126351,99829,26.95,0,-8.2,84.46,-45.66,-1005.62,-76.17,68.85,0.06,-0.06,0.06,0,1,0,0,0
116148124,99827,26.97,0,-7.99,84.5,-45.36,-999.02,-68.12,70.31,0.18,-0.12,0.12,0,1,0,0,0
117169921,99827,26.98,0,-8.18,84.5,-45.49,-1005.62,-61.52,73.24,0.37,0.12,0.18,0,1,0,0,0
118192212,99825,27,0,-8.13,84.49,-45.37,-1003.42,-68.12,70.31,0.18,-0.06,-0.12,0,1,0,0,0
119213973,99827,27.01,0,-8.54,84.47,-45.72,-1004.88,-74.71,70.31,-0.06,-0.06,0.06,0,1,0,0,0
120236168,99827,27.02,0,-8.96,84.46,-46.08,-1001.95,-82.76,72.51,0.24,0,0.24,0,0,0,0,0
121258117,99827,27.04,0,-8.81,84.46,-45.87,-1003.42,-76.17,69.58,0.18,0.18,0.24,0,0,0,0,0
122279837,99828,27.05,0,-8.84,84.48,-45.8,-1006.35,-71.78,72.51,0.06,0,0,0,0,0,0,0
123301606,99828,27.07,0,-8.99,84.46,-45.9,-1001.95,-65.92,65.92,0.06,-0.12,0,0,0,0,0,0
124323685,99831,27.09,0,-8.89,84.44,-45.73,-1004.15,-68.85,70.31,0,0.18,0,0,0,0,0,0
125345395,99828,27.1,0,-9.01,84.43,-45.78,-1005.62,-68.12,78.37,0.12,0.18,0.12,0,0,0,0,0
126367354,99826,27.12,0,-9.37,84.45,-46.09,-1005.62,-75.44,73.97,0.06,-0.06,-0.18,0,0,0,0,0
127389309,99830,27.13,0,-9.56,84.46,-46.24,-1004.88,-75.44,65.92,0.18,0.12,-0.06,0,0,0,0,0
128411381,99824,27.14,0,-9.25,84.45,-45.86,-1005.62,-72.51,64.45,-0.12,0.12,0.12,0,0,0,0,0
129433193,99833,27.15,0,-9.15,84.46,-45.67,-1001.95,-69.58,73.97,0.24,0.06,0,0,0,0,0,0
130454988,99827,27.17,0,-8.98,84.5,-45.37,-1000.49,-67.38,74.71,0.12,-0.12,0.06,0,0,0,0,0
131479973,99823,27.18,0,-8.99,84.48,-45.31,-1004.88,-65.92,76.17,0.31,0,0,0,0,0,0,0
132502110,99826,27.2,0,-9.17,84.44,-45.46,-1001.95,-75.44,68.12,0.12,0.31,0.12,0,0,0,0,0
133524142,99825,27.21,0,-8.9,84.45,-45.14,-1004.15,-74.71,77.64,0,-0.06,0.12,0,0,0,0,0
134545937,99816,27.22,0,-9.14,84.48,-45.3,-1003.42,-79.83,68.12,-0.18,-0.12,0.18,0,0,0,0,0
135570980,99821,27.24,0,-9.31,84.49,-45.38,-1004.15,-68.12,60.79,0.31,0.31,0.06,0,0,0,0,0
136589655,99822,27.26,0,-9.36,84.51,-45.36,-1001.22,-65.92,79.1,-0.06,0.06,0.12,0,0,0,0,0
137611460,99819,27.27,0,-9.32,84.53,-45.23,-1001.22,-55.66,71.78,-0.06,-0.12,0.24,0,0,0,0,0
138633472,99817,27.29,0,-8.96,84.51,-44.81,-1007.08,-73.24,68.12,-0.06,0.31,-0.31,0,0,0,0,0
139655321,99821,27.3,0,-9.5,84.43,-45.3,-1004.88,-79.1,77.64,0.12,0.12,-0.06,0,0,0,0,0
140677328,99818,27.32,0,-9.18,84.51,-44.87,-1005.62,-79.1,65.19,-0.31,-0.06,-0.43,0,0,0,0,0
141699456,99821,27.33,0,-8.92,84.57,-44.5,-998.29,-76.17,59.33,-0.24,0,-0.18,0,0,0,0,0
142721119,99819,27.34,0,-8.76,84.61,-44.27,-1000.49,-90.82,70.31,-0.24,-0.24,-0.18,0,0,0,0,0
143743210,99818,27.35,0,-8.29,84.65,-43.7,-1009.28,-46.88,76.17,0.12,-0.24,0.37,0,0,0,0,0
144765152,99821,27.36,0,-7.85,84.62,-43.19,-1010.01,-68.12,75.44,0,0,-0.06,0,0,0,0,0
145786815,99821,27.37,0,-7.89,84.62,-43.14,-1001.95,-77.64,79.83,0.18,-0.12,-0.31,0,0,0,0,0
146808390,99815,27.39,0,-7.53,84.68,-42.67,-1005.62,-61.52,60.79,0.31,0.43,0.31,0,0,0,0,0
147830241,99817,27.4,0,-8.22,84.59,-43.32,-1004.15,-68.85,77.64,0.06,0.24,0,0,0,0,0,0
148852018,99817,27.41,0,-8.5,84.6,-43.54,-1004.88,-60.06,84.96,0.24,-0.12,-0.06,0,0,0,0,0
149873860,99817,27.42,0,-8.3,84.65,-43.27,-1001.95,-41.75,52,0.85,0.24,-0.67,0,0,0,0,0
150895638,99814,27.44,0,-8.59,84.6,-43.49,-1005.62,-59.33,64.45,0.06,0.12,-0.61,0,0,0,0,0
151917596,99817,27.45,0,-8.44,84.62,-43.27,-1001.95,-65.19,69.58,0.18,0.31,-0.31,0,0,0,0,0
152939550,99817,27.46,0,-8.05,84.69,-42.81,-1003.42,-53.47,66.65,0.06,0.06,-0.37,0,0,0,0,0
153961307,99820,27.47,0,-9.27,84.66,-43.97,-1005.62,-70.31,68.12,0.12,0.24,-0.18,0,0,0,0,0
154982987,99824,27.49,0,-9.34,84.67,-43.93,-1007.08,-70.31,70.31,0,0,0.06,0,0,0,0,0
156004914,99822,27.5,0,-8.84,84.66,-43.36,-1002.69,-67.38,79.83,-0.06,-0.12,-0.12,0,0,0,0,0
157026701,99820,27.51,0,-9.11,84.67,-43.53,-1005.62,-58.59,68.85,0,0.06,-0.06,0,0,0,0,0
158048628,99816,27.52,0,-9.21,84.61,-43.57,-1001.95,-61.52,72.51,0.24,0.24,-0.37,0,0,0,0,0
159072216,99815,27.53,0,-9.03,84.69,-43.3,-1006.35,-73.24,55.66,-0.18,0,-0.49,0,0,0,0,0
160092410,99823,27.54,0,-9.44,84.6,-43.66,-1005.62,-74.71,72.51,0.18,0.24,0.24,0,0,0,0,0
161114053,99825,27.56,0,-9.2,84.6,-43.33,-1005.62,-60.06,72.51,0.24,-0.12,0.37,0,0,0,0,0
162135984,99820,27.57,0,-9.32,84.63,-43.4,-1004.15,-65.19,65.92,0,0,0.12,0,0,0,0,0
163157811,99822,27.58,0,-9.38,84.63,-43.4,-1000.49,-71.78,59.33,0.06,0.31,-0.12,0,0,0,0,0
164179604,99825,27.6,0,-9.48,84.59,-43.44,-1004.15,-72.51,78.37,0.24,0.18,-0.06,0,0,0,0,0
165201308,99822,27.61,0,-9.38,84.63,-43.24,-1002.69,-63.72,68.85,0.06,-0.31,0.24,0,0,0,0,0
166223204,99816,27.61,0,-9.56,84.67,-43.33,-1004.15,-74.71,57.13,-0.18,0.24,0.12,0,0,0,0,0
167245403,99819,27.63,0,-9.51,84.61,-43.22,-1003.42,-69.58,83.5,0,0.31,-0.12,0,0,0,0,0
168267072,99822,27.64,0,-9.91,84.63,-43.56,-1003.42,-79.1,81.3,-0.18,-0.12,-0.37,0,0,0,0,0
169288884,99818,27.66,0,-9.65,84.71,-43.22,-1004.88,-63.72,58.59,0.18,-0.06,0,0,0,0,0,0
170310491,99815,27.66,0,-9.86,84.64,-43.36,-1003.42,-68.12,65.19,0.18,0,0,0,0,0,0,0
171332331,99817,27.67,0,-9.96,84.63,-43.4,-1005.62,-65.92,75.44,0,0.06,0.18,0,0,0,0,0
172353973,99819,27.68,0,-10.49,84.65,-43.87,-1005.62,-68.85,69.58,0.12,-0.18,0.37,0,0,0,0,0
173375952,99821,27.7,0,-10.25,84.67,-43.55,-1004.15,-58.59,66.65,0,-0.18,0.12,0,0,0,0,0
174397796,99824,27.71,0,-10.52,84.62,-43.76,-1004.15,-55.66,69.58,0.12,0.18,-0.31,0,0,0,0,0
175422282,99821,27.72,0,-10.6,84.63,-43.78,-1005.62,-77.64,74.71,0.06,0.12,-0.31,0,0,0,0,0
176441129,99813,27.72,0,-10.37,84.62,-43.46,-1006.35,-69.58,71.78,-0.06,0,0,0,0,0,0,0
177463050,99821,27.74,0,-10.88,84.62,-43.87,-1004.15,-77.64,73.24,-0.61,0.12,-0.12,0,0,0,0,0
178485175,99824,27.75,0,-11.08,84.66,-44.01,-1003.42,-68.85,78.37,0.18,0.18,-0.06,0,0,0,0,0
179507058,99825,27.76,0,-11.25,84.67,-44.11,-1001.22,-69.58,67.38,-0.06,0.18,0.18,0,0,0,0,0
180528751,99823,27.77,0,-11.28,84.62,-44.07,-1007.08,-61.52,74.71,0,-0.12,0.06,0,0,0,0,0
181550480,99823,27.78,0,-11.17,84.61,-43.88,-1005.62,-66.65,71.78,0.31,0,-0.06,0,0,0,0,0
182572130,99820,27.79,0,-11.44,84.61,-44.1,-1006.35,-69.58,73.97,0,0.18,-0.24,0,0,0,0,0
183593850,99826,27.8,0,-11.59,84.65,-44.17,-1004.15,-69.58,74.71,-0.06,-0.37,0.06,0,0,0,0,0
184615510,99820,27.81,0,-11.6,84.67,-44.09,-1007.08,-58.59,65.92,-0.12,-0.31,0,0,0,0,0,0
185637222,99823,27.82,0,-11.63,84.65,-44.06,-1004.15,-59.33,63.72,0,0.18,-0.06,0,0,0,0,0
186659233,99824,27.83,0,-11.16,84.62,-43.52,-1001.22,-56.4,81.3,0,0.06,-0.12,0,0,0,0,0
187682919,99819,27.84,0,-11.62,84.61,-43.89,-1004.88,-68.85,71.78,0,0,-0.24,0,0,0,0,0
188704595,99819,27.85,0,-11.95,84.62,-44.16,-999.76,-76.9,61.52,0.06,0.06,-0.12,0,0,0,0,0
189726271,99822,27.87,0,-11.83,84.61,-43.99,-1002.69,-75.44,65.92,0.06,0.12,0,0,0,0,0,0
190748233,99820,27.88,0,-11.65,84.65,-43.71,-1003.42,-54.93,71.04,0.12,-0.12,-0.24,0,0,0,0,0
191769477,99820,27.89,0,-11.58,84.63,-43.59,-1007.08,-58.59,68.12,-0.24,0.06,-0.31,0,0,0,0,0
192791348,99822,27.9,0,-11.76,84.64,-43.7,-1005.62,-66.65,75.44,0,0.31,-0.37,0,0,0,0,0
193812848,99818,27.92,0,-12.4,84.63,-44.3,-1002.69,-75.44,68.12,0.18,0.24,-0.18,0,0,0,0,0
194834774,99827,27.93,0,-12.29,84.62,-44.12,-1005.62,-68.85,73.97,0,-0.06,0,0,0,0,0,0
195856877,99830,27.93,0,-12.39,84.61,-44.14,-1003.42,-69.58,71.78,0.31,0.31,0.12,0,0,0,0,0
196878211,99828,27.95,0,-12.25,84.6,-43.92,-1005.62,-68.85,71.04,0.18,0,-0.31,0,0,0,0,0
197900012,99825,27.96,0,-12.5,84.6,-44.08,-1003.42,-67.38,77.64,0.12,0.18,-0.12,0,0,0,0,0
198922526,99826,27.97,0,-12.78,84.6,-44.28,-1007.81,-65.19,71.04,0.06,0.12,-0.06,0,0,0,0,0
199943618,99826,27.98,0,-12.96,84.61,-44.41,-1004.88,-74.71,76.9,0.12,0.12,-0.12,0,0,0,0,0
200965422,99828,27.99,0,-12.79,84.62,-44.16,-1001.22,-60.79,73.97,0,-0.24,-0.18,0,0,0,0,0
201987112,99824,28,0,-12.36,84.61,-43.68,-1002.69,-67.38,71.04,0.18,-0.37,-0.24,0,0,0,0,0
203008476,99822,28.01,0,-12.42,84.61,-43.65,-1007.08,-64.45,68.12,0,-0.12,0.12,0,0,0,0,0
204030183,99824,28.02,0,-12.41,84.6,-43.56,-1004.15,-68.85,73.97,0.12,0.24,-0.18,0,0,0,0,0
205051992,99822,28.03,0,-12.86,84.66,-43.96,-1002.69,-73.24,82.03,-0.06,-0.18,-0.06,0,0,0,0,0
206073230,99822,28.04,0,-13.07,84.67,-44.09,-1004.88,-71.04,65.19,0.18,-0.06,0,0,0,0,0,0
207094976,99828,28.05,0,-12.7,84.62,-43.65,-1006.35,-65.19,68.12,0.37,-0.12,0.24,0,0,0,0,0
208116633,99824,28.05,0,-12.9,84.62,-43.76,-1003.42,-67.38,80.57,0,-0.06,0.24,0,0,0,0,0
209138421,99821,28.07,0,-13.35,84.68,-44.13,-1004.15,-62.99,67.38,0.12,-0.31,-0.18,0,0,0,0,0
210160129,99821,28.07,0,-13.31,84.64,-44.01,-1007.08,-68.85,73.97,0.12,0.43,0,0,0,0,0,0
211181464,99816,28.08,0,-13.07,84.65,-43.7,-1001.95,-66.65,73.24,-0.06,0.12,0.12,0,0,0,0,0
212203400,99820,28.09,0,-13.06,84.63,-43.6,-1004.88,-71.78,71.78,0.18,0,-0.18,0,0,0,0,0
213224921,99810,28.1,0,-13.64,84.64,-44.08,-1006.35,-64.45,68.12,0.12,-0.06,0,0,0,0,0,0
214247167,99817,28.11,0,-13.59,84.66,-43.95,-1001.95,-57.86,65.19,0.06,-0.24,-0.12,0,0,0,0,0
215268314,99820,28.12,0,-13.56,84.62,-43.87,-1004.88,-60.06,67.38,-0.18,-0.12,-0.12,0,0,0,0,0
216290085,99818,28.13,0,-13.66,84.63,-43.91,-1006.35,-68.85,68.12,-0.18,0.31,-0.12,0,0,0,0,0
217312061,99827,28.14,0,-13.95,84.63,-44.14,-1002.69,-71.04,69.58,-0.18,0.06,-0.12,0,0,0,0,0
218333568,99821,28.15,0,-14.37,84.61,-44.48,-1003.42,-67.38,73.24,0.24,-0.18,-0.06,0,0,0,0,0
219355213,99816,28.16,0,-14.38,84.62,-44.41,-1005.62,-65.92,69.58,0,0.31,0.06,0,0,0,0,0
220376623,99820,28.17,0,-13.99,84.64,-43.94,-1006.35,-58.59,63.72,0.06,0.24,0.12,0,0,0,0,0
221398316,99817,28.18,0,-14.18,84.61,-44.07,-1003.42,-61.52,82.03,-0.06,0.18,-0.12,0,0,0,0,0
222420282,99814,28.18,0,-14.2,84.62,-44.02,-1002.69,-76.17,76.9,0,-0.31,-0.31,0,0,0,0,0
223442336,99817,28.19,0,-14.58,84.61,-44.33,-1003.42,-67.38,67.38,-0.06,-0.37,0.06,0,0,0,0,0
224463686,99814,28.2,0,-14.5,84.63,-44.16,-1004.88,-65.92,68.12,0.12,0,0.24,0,0,0,0,0
225485382,99816,28.21,0,-14.13,84.64,-43.72,-1000.49,-62.99,64.45,0,0.12,0,0,0,0,0,0
226507174,99822,28.23,0,-14.12,84.67,-43.67,-1005.62,-67.38,71.04,0.12,0,-0.24,0,0,0,0,0
227528302,99815,28.24,0,-14.22,84.7,-43.68,-1004.15,-61.52,70.31,0,-0.12,-0.18,0,0,0,0,0
228550404,99820,28.25,0,-14.15,84.65,-43.52,-1005.62,-65.19,71.78,-0.12,0.06,-0.12,0,0,0,0,0
229572510,99819,28.25,0,-14.52,84.64,-43.82,-1001.95,-79.83,77.64,0,0.06,-0.12,0,0,0,0,0
230594364,99822,28.26,0,-14.54,84.68,-43.79,-1005.62,-67.38,71.78,0.18,0,0.31,0,0,0,0,0
231616036,99818,28.27,0,-14.56,84.7,-43.74,-1004.88,-64.45,65.92,0.18,-0.06,0.24,0,0,0,0,0
232638093,99818,28.28,0,-14.44,84.68,-43.55,-1004.15,-69.58,68.85,-0.12,-0.18,0,0,0,0,0,0
233660127,99816,28.28,0,-14.75,84.69,-43.8,-1005.62,-65.92,68.12,-0.18,-0.12,-0.12,0,0,0,0,0
234682093,99814,28.29,0,-14.58,84.67,-43.56,-1004.88,-70.31,67.38,0.18,-0.18,-0.12,0,0,0,0,0
235703853,99816,28.3,0,-14.79,84.65,-43.7,-1001.95,-63.72,73.24,0.12,0.31,0.12,0,0,0,0,0
236725891,99815,28.31,0,-14.84,84.67,-43.67,-1004.15,-68.85,66.65,0,0.06,0.12,0,0,0,0,0
237747703,99818,28.32,0,-14.61,84.68,-43.36,-1004.15,-69.58,71.04,-0.24,-0.31,0,0,0,0,0,0
238769607,99811,28.33,0,-14.69,84.66,-43.37,-1002.69,-65.92,71.78,-0.06,-0.06,-0.12,0,0,0,0,0
239791565,99814,28.34,0,-15.31,84.63,-43.93,-1006.35,-68.12,65.19,-0.12,-0.18,0.06,0,0,0,0,0
240813291,99818,28.35,0,-15.17,84.64,-43.7,-1001.95,-64.45,69.58,-0.06,0.06,0.06,0,0,0,0,0
241835575,99815,28.36,0,-15.56,84.64,-44.05,-1001.95,-71.78,72.51,-0.06,-0.24,-0.18,0,0,0,0,0
242857494,99824,28.37,0,-15.73,84.65,-44.14,-1004.15,-65.92,60.79,0.12,0.12,0.24,0,0,0,0,0
243879290,99821,28.38,0,-15.43,84.64,-43.78,-1005.62,-64.45,71.78,0.18,-0.06,0.24,0,0,0,0,0
244901133,99824,28.38,0,-15.37,84.63,-43.64,-1003.42,-70.31,69.58,-0.06,-0.06,-0.06,0,0,0,0,0
245923188,99817,28.39,0,-15.31,84.61,-43.5,-1006.35,-71.04,73.24,0.06,-0.12,-0.18,0,0,0,0,0
246945298,99819,28.4,0,-15.79,84.62,-43.92,-1004.88,-62.26,73.97,0.18,0.18,0.12,0,0,0,0,0
247967311,99817,28.41,0,-15.82,84.65,-43.89,-1003.42,-62.99,71.78,-0.12,-0.06,0,0,0,0,0,0
248991488,99821,28.42,0,-16.27,84.66,-44.24,-1001.22,-76.17,72.51,-0.24,-0.18,-0.24,0,0,0,0,0
250013439,99821,28.42,0,-15.79,84.68,-43.67,-1006.35,-65.19,66.65,0.06,0.06,-0.24,0,0,0,0,0
251034744,99817,28.43,0,-15.83,84.65,-43.62,-1008.54,-60.06,60.79,0.12,0.43,-0.31,0,0,0,0,0
252056817,99810,28.44,0,-15.8,84.65,-43.54,-1004.15,-62.26,78.37,0.12,0,0.24,0,0,0,0,0
253078691,99815,28.45,0,-16.14,84.66,-43.81,-1003.42,-67.38,70.31,0.31,0,0.12,0,0,0,0,0
254100672,99815,28.45,0,-16.25,84.65,-43.83,-1004.88,-64.45,61.52,0.24,0,0.37,0,0,0,0,0
255124522,99817,28.46,0,-16,84.63,-43.51,-1007.08,-64.45,84.96,0.18,0.24,0.18,0,0,0,0,0
256144375,99813,28.47,0,-16.63,84.64,-44.05,-1006.35,-70.31,73.24,0.06,-0.06,0.12,0,0,0,0,0
257166255,99816,28.47,0,-16.31,84.69,-43.65,-1001.22,-67.38,70.31,0.06,0.06,-0.55,0,0,0,0,0
258188102,99817,28.48,0,-16.73,84.64,-44.02,-1000.49,-69.58,67.38,0,0.24,-0.43,0,0,0,0,0
259210233,99823,28.49,0,-17.24,84.59,-44.47,-1007.81,-78.37,71.78,0.12,0.06,0.24,0,0,0,0,0
260231969,99820,28.5,0,-16.34,84.61,-43.49,-1001.95,-66.65,83.5,-0.18,-0.37,-0.06,0,0,0,0,0
261253945,99823,28.51,0,-17.36,84.66,-44.43,-1006.35,-62.99,57.13,-0.12,0.06,0.06,0,0,0,0,0
262275701,99821,28.52,0,-16.81,84.64,-43.78,-1007.81,-59.33,67.38,0.06,0.06,0.12,0,0,0,0,0
263301421,99816,28.53,0,-16.4,84.62,-43.3,-1003.42,-71.04,79.1,0.06,-0.06,0,0,0,0,0,0
264319511,99824,28.54,0,-16.86,84.65,-43.66,-1004.88,-56.4,78.37,0.37,-0.12,-0.18,0,0,0,0,0
265341028,99819,28.55,0,-16.89,84.66,-43.61,-1005.62,-59.33,68.12,0,0.06,-0.24,0,0,0,0,0
266362744,99816,28.55,0,-16.99,84.67,-43.61,-1001.95,-68.12,68.12,0,0,-0.06,0,0,0,0,0
267384888,99822,28.57,0,-17.35,84.65,-43.91,-1006.35,-71.04,72.51,0.06,0,0.12,0,0,0,0,0
268406955,99820,28.57,0,-17.48,84.66,-43.95,-1002.69,-68.85,66.65,0.12,0,0.06,0,0,0,0,0
269429000,99824,28.58,0,-17.67,84.65,-44.06,-1004.88,-60.79,60.79,0,0.06,-0.06,0,0,0,0,0
270451127,99822,28.59,0,-17.65,84.62,-43.96,-1003.42,-66.65,68.85,0.18,0.12,0,0,0,0,0,0
271473286,99823,28.59,0,-17.92,84.63,-44.14,-1004.88,-66.65,71.04,0.06,0,0.06,0,0,0,0,0
272495358,99822,28.6,0,-18.11,84.62,-44.26,-1004.15,-56.4,67.38,0.06,-0.12,0.12,0,0,0,0,0
273517409,99823,28.6,0,-18.25,84.66,-44.34,-1007.08,-60.79,68.12,0.24,0.06,-0.18,0,0,0,0,0
274539600,99823,28.61,0,-18.33,84.64,-44.32,-1005.62,-67.38,75.44,0.06,0.24,-0.06,0,0,0,0,0
275561641,99822,28.62,0,-18.31,84.63,-44.19,-1004.15,-70.31,72.51,-0.06,-0.12,-0.06,0,0,0,0,0
276583781,99819,28.63,0,-18.06,84.64,-43.86,-1004.88,-64.45,68.85,0.18,-0.12,-0.06,0,0,0,0,0
277605912,99825,28.63,0,-18.48,84.61,-44.24,-1005.62,-66.65,69.58,0.12,-0.12,0.18,0,0,0,0,0
278628093,99822,28.64,0,-18.69,84.64,-44.38,-1007.81,-65.19,72.51,0.06,-0.18,0.24,0,0,0,0,0
279650321,99823,28.65,0,-18.44,84.62,-44.05,-1001.22,-65.19,77.64,0.06,-0.12,0.12,0,0,0,0,0
280672434,99823,28.66,0,-18.32,84.63,-43.84,-1010.01,-62.99,67.38,0.06,-0.06,-0.18,0,0,0,0,0
281694755,99820,28.66,0,-18.66,84.63,-44.09,-1004.88,-68.12,68.85,0.12,0.06,-0.06,0,0,0,0,0
282717002,99818,28.67,0,-18.57,84.63,-43.91,-1005.62,-68.12,75.44,0.06,0.18,0,0,0,0,0,0
283739146,99819,28.68,0,-18.48,84.65,-43.73,-1002.69,-60.79,71.04,-0.18,-0.24,0.06,0,0,0,0,0
284761494,99819,28.69,0,-18.28,84.68,-43.46,-1001.95,-65.19,64.45,-0.06,0,0.12,0,0,0,0,0
285783565,99821,28.69,0,-18.41,84.65,-43.51,-1001.95,-60.79,76.17,0.18,0.06,-0.06,0,0,0,0,0
286805797,99821,28.7,0,-18.67,84.65,-43.68,-1004.88,-68.12,71.04,0.18,0.37,-0.18,0,0,0,0,0
287832313,99811,28.71,0,-19.14,84.65,-44.06,-1004.15,-65.19,68.12,0.12,-0.06,0.12,0,0,0,0,0
288854663,99815,28.72,0,-18.91,84.69,-43.76,-1007.81,-64.45,71.04,0.12,-0.06,0.24,0,0,0,0,0
289876989,99817,28.72,0,-18.78,84.67,-43.57,-1003.42,-61.52,73.24,0.06,0.18,0.06,0,0,0,0,0
290899138,99815,28.73,0,-18.85,84.65,-43.58,-1005.62,-69.58,76.9,0,-0.06,-0.43,0,0,0,0,0
291921042,99824,28.74,0,-19.29,84.63,-43.95,-1007.81,-70.31,68.12,0.24,0.12,0.12,0,0,0,0,0
292943380,99819,28.74,0,-19.24,84.64,-43.8,-1006.35,-71.04,71.78,-0.06,-0.18,0.12,0,0,0,0,0
293965816,99817,28.75,0,-19.48,84.66,-43.97,-1004.88,-65.19,66.65,0.18,-0.06,0.18,0,0,0,0,0
294987976,99822,28.75,0,-19.28,84.69,-43.71,-1006.35,-66.65,71.78,-0.12,-0.06,0,0,0,0,0,0
296010298,99820,28.77,0,-19.29,84.66,-43.65,-1005.62,-60.79,74.71,0.12,0.18,-0.37,0,0,0,0,0
297032474,99820,28.77,0,-19.65,84.65,-43.92,-1004.15,-71.78,76.17,0.06,0.12,0.12,0,0,0,0,0
298054811,99822,28.78,0,-20.16,84.64,-44.35,-1001.95,-71.78,64.45,0.12,-0.06,-0.12,0,0,0,0,0
299079977,99821,28.78,0,-20.07,84.65,-44.19,-1006.35,-71.78,76.17,-0.12,-0.18,0.12,0,0,0,0,0
300099109,99825,28.79,0,-19.81,84.63,-43.85,-1006.35,-65.19,75.44,0.37,0.06,-0.18,0,0,0,0,0
301123791,99822,28.8,0,-19.61,84.62,-43.58,-1005.62,-68.12,73.97,-0.06,-0.06,0.06,0,0,0,0,0
302146169,99821,28.8,0,-20.03,84.58,-43.92,-1004.88,-68.12,58.59,0.12,0.12,0.37,0,0,0,0,0
303168115,99816,28.81,0,-20.22,84.58,-44.02,-1004.88,-60.06,80.57,0.12,-0.06,0.49,0,0,0,0,0
304190269,99818,28.81,0,-20.09,84.65,-43.8,-1007.08,-67.38,73.24,-0.06,-0.31,0.18,0,0,0,0,0
305213806,99816,28.82,0,-20.12,84.65,-43.77,-1003.42,-65.92,71.04,-0.06,0.12,-0.12,0,0,0,0,0
306234574,99818,28.82,0,-20.17,84.63,-43.78,-1007.08,-73.24,71.78,0,-0.24,-0.24,0,0,0,0,0
307256869,99816,28.83,0,-20.45,84.59,-43.97,-1003.42,-77.64,73.24,0.18,-0.06,-0.18,0,0,0,0,0
308278913,99818,28.84,0,-20.65,84.61,-44.1,-1007.08,-75.44,62.99,0.06,0.06,0.12,0,0,0,0,0
309301278,99813,28.85,0,-20.66,84.63,-44.04,-1007.81,-58.59,71.78,0.12,0.06,0.24,0,0,0,0,0
310323288,99819,28.86,0,-20.82,84.63,-44.14,-1007.08,-66.65,80.57,-0.06,0.18,0,0,0,0,0,0
311345436,99820,28.87,0,-21.1,84.62,-44.36,-1004.15,-69.58,73.97,0,0.06,-0.18,0,0,0,0,0
312367736,99821,28.87,0,-21.09,84.61,-44.26,-1004.88,-71.78,66.65,0.18,0,-0.24,0,0,0,0,0
313389997,99820,28.88,0,-21.37,84.59,-44.44,-1005.62,-75.44,62.26,0.24,-0.06,0.06,0,0,0,0,0
314412306,99814,28.89,0,-21.17,84.6,-44.19,-1004.88,-70.31,68.85,-0.12,0.06,0.12,0,0,0,0,0
315438361,99813,28.89,0,-21.42,84.58,-44.41,-1006.35,-57.86,70.31,0.31,0,0.12,0,0,0,0,0
316460301,99810,28.9,0,-21.27,84.6,-44.18,-1004.88,-71.04,71.78,-0.06,0.18,0,0,0,0,0,0
317482229,99812,28.9,0,-21.07,84.63,-43.88,-1002.69,-65.92,73.24,0.12,-0.06,-0.18,0,0,0,0,0
318504295,99819,28.91,0,-21.68,84.6,-44.42,-1006.35,-69.58,70.31,0.18,0.12,-0.18,0,0,0,0,0
319526543,99812,28.92,0,-21.17,84.65,-43.8,-1001.22,-68.85,71.04,0,-0.18,-0.43,0,0,0,0,0
320548565,99815,28.92,0,-21.93,84.64,-44.51,-1003.42,-71.04,65.19,0.06,0,-0.18,0,0,0,0,0
321570627,99810,28.93,0,-21.63,84.63,-44.08,-1004.15,-77.64,74.71,0.37,-0.06,0,0,0,0,0,0
322592905,99810,28.94,0,-21.28,84.64,-43.65,-1007.08,-60.06,78.37,0.06,0.18,-0.18,0,0,0,0,0
323614931,99816,28.95,0,-21.65,84.63,-43.93,-1005.62,-69.58,69.58,-0.06,-0.12,-0.24,0,0,0,0,0
324636929,99817,28.96,0,-21.97,84.61,-44.18,-1007.08,-67.38,65.92,-0.12,0.06,0,0,0,0,0,0
325658627,99816,28.97,0,-22.2,84.59,-44.35,-1004.88,-65.19,71.04,0,0.18,-0.24,0,0,0,0,0
326680650,99816,28.97,0,-21.89,84.62,-43.96,-1004.15,-73.97,76.17,-0.12,0.12,-0.12,0,0,0,0,0
327702482,99810,28.97,0,-21.54,84.65,-43.52,-1005.62,-72.51,73.24,-0.12,0.12,0,0,0,0,0,0
328724940,99813,28.98,0,-21.39,84.65,-43.28,-1006.35,-67.38,61.52,-0.06,0.18,-0.43,0,0,0,0,0
329746852,99811,28.98,0,-22.04,84.6,-43.86,-1006.35,-72.51,73.97,0.12,0,-0.06,0,0,0,0,0
330768764,99816,29,0,-21.98,84.65,-43.73,-1004.88,-60.79,71.78,0.37,0,0.06,0,0,0,0,0
331790800,99819,29,0,-22.27,84.64,-43.96,-1006.35,-65.19,71.04,-0.18,-0.06,-0.12,0,0,0,0,0
332812931,99816,29.01,0,-22.54,84.6,-44.16,-1005.62,-76.9,65.92,0.06,0,0.12,0,0,0,0,0
333835110,99813,29.01,0,-22.84,84.61,-44.37,-999.02,-79.1,75.44,0.18,0.12,-0.18,0,0,0,0,0
334857189,99811,29.02,0,-22.57,84.66,-43.98,-1007.81,-73.24,73.97,0.12,-0.06,0.12,0,0,0,0,0
335878993,99815,29.02,0,-23.14,84.68,-44.48,-1005.62,-60.79,67.38,0.24,0,0.18,0,0,0,0,0
336901223,99822,29.03,0,-23.06,84.65,-44.36,-1006.35,-65.19,66.65,0.12,0.06,0.12,0,0,0,0,0
337923446,99821,29.03,0,-23.21,84.64,-44.45,-1008.54,-65.19,71.78,0.18,-0.12,-0.06,0,0,0,0,0
338945702,99816,29.04,0,-23.22,84.62,-44.38,-1004.15,-77.64,65.92,0.06,0.12,0.06,0,0,0,0,0
339967954,99816,29.05,0,-23.26,84.63,-44.35,-1008.54,-64.45,75.44,0.12,0,0.06,0,0,0,0,0
340989959,99815,29.05,0,-23.72,84.58,-44.75,-1006.35,-70.31,66.65,0.12,0.18,0.06,0,0,0,0,0
342016608,99815,29.06,0,-23.65,84.6,-44.61,-1004.88,-72.51,70.31,0,0.06,-0.12,0,0,0,0,0
343039527,99814,29.06,0,-23.89,84.58,-44.78,-1002.69,-69.58,70.31,0.06,0,-0.06,0,0,0,0,0
344061399,99818,29.07,0,-23.88,84.59,-44.7,-1004.15,-62.99,66.65,0.06,-0.06,0.12,0,0,0,0,0
345083602,99819,29.07,0,-23.93,84.57,-44.67,-1007.81,-65.92,75.44,0,0,-0.06,0,0,0,0,0
346109082,99815,29.08,0,-24.03,84.6,-44.68,-1005.62,-65.19,71.78,0.12,0.18,0,0,0,0,0,0
347127973,99814,29.08,0,-24.09,84.58,-44.69,-1000.49,-65.92,75.44,0.18,-0.18,0.06,0,0,0,0,0
348150149,99818,29.09,0,-23.88,84.6,-44.42,-1004.88,-72.51,68.85,0,-0.24,0,0,0,0,0,0
349172020,99814,29.1,0,-23.75,84.64,-44.18,-1004.15,-57.13,78.37,0.12,-0.24,0,0,0,0,0,0
350194087,99815,29.1,0,-23.89,84.62,-44.25,-1003.42,-68.12,62.26,-0.31,0.06,0,0,0,0,0,0
351216134,99820,29.11,0,-24.31,84.61,-44.6,-1003.42,-73.24,71.04,0.12,0.18,-0.06,0,0,0,0,0
352238269,99817,29.11,0,-24.22,84.59,-44.46,-1007.08,-65.19,76.9,0.31,0.06,0.12,0,0,0,0,0
353264805,99817,29.12,0,-24.17,84.61,-44.34,-1003.42,-67.38,71.04,-0.12,0.06,-0.12,0,0,0,0,0
354286791,99817,29.12,0,-24.14,84.59,-44.24,-1005.62,-71.78,71.04,0.06,0.06,0.06,0,0,0,0,0
355308967,99818,29.13,0,-24.25,84.57,-44.28,-1006.35,-71.78,68.12,0,0.12,0.12,0,0,0,0,0
356331213,99817,29.13,0,-24.35,84.61,-44.32,-1000.49,-67.38,73.97,0,-0.24,0.12,0,0,0,0,0
357352813,99820,29.14,0,-24.77,84.65,-44.65,-1005.62,-70.31,71.04,0,0,-0.18,0,0,0,0,0
358374223,99814,29.15,0,-24.95,84.64,-44.74,-1001.95,-71.78,69.58,0.24,0.06,0,0,0,0,0,0
359395954,99821,29.16,0,-24.84,84.63,-44.53,-1003.42,-66.65,68.85,0.18,0.12,0.24,0,0,0,0,0
360417167,99813,29.16,0,-24.63,84.62,-44.22,-1005.62,-68.12,70.31,0.24,0.18,-0.31,0,0,0,0,0
361438536,99817,29.17,0,-25.01,84.58,-44.54,-1006.35,-69.58,69.58,0.06,-0.12,0.06,0,0,0,0,0
362460355,99820,29.18,0,-24.94,84.6,-44.35,-1007.08,-61.52,71.78,0.06,0.06,-0.18,0,0,0,0,0
363482372,99821,29.19,0,-25.02,84.59,-44.36,-1004.88,-71.04,67.38,-0.12,0.18,0,0,0,0,0,0
364503858,99816,29.2,0,-24.79,84.61,-44.05,-1005.62,-65.19,77.64,-0.18,0.06,-0.06,0,0,0,0,0
365525383,99817,29.21,0,-24.88,84.6,-44.05,-1003.42,-73.97,71.78,0,0.06,0.06,0,0,0,0,0
366546753,99818,29.21,0,-25.18,84.61,-44.26,-1004.15,-64.45,61.52,0.37,-0.12,0.18,0,0,0,0,0
367568716,99813,29.22,0,-24.91,84.64,-43.91,-1005.62,-60.79,67.38,0.31,0,0.43,0,0,0,0,0
368590869,99816,29.22,0,-24.76,84.64,-43.69,-1004.15,-55.66,73.24,0.24,-0.06,0,0,0,0,0,0
369612979,99820,29.23,0,-25.17,84.65,-44.03,-1005.62,-65.92,66.65,0.06,0.12,-0.24,0,0,0,0,0
370635022,99823,29.24,0,-25.66,84.59,-44.46,-1006.35,-70.31,68.12,0.06,0.12,0.18,0,1,0,0,0
371656676,99819,29.25,0,-25.63,84.58,-44.35,-1004.88,-75.44,73.97,-0.06,-0.06,0,0,1,0,0,0
372678659,99820,29.26,0,-25.61,84.6,-44.25,-998.29,-75.44,72.51,-0.12,0.06,0.06,0,1,0,0,0
373700526,99812,29.26,0,-25.62,84.63,-44.16,-1005.62,-65.19,68.85,0.06,0.06,-0.12,0,1,0,0,0
374722399,99814,29.27,0,-25.82,84.61,-44.29,-1004.15,-54.2,68.85,0.18,-0.24,0.31,0,1,0,0,0
375743868,99819,29.27,0,-25.81,84.59,-44.22,-1002.69,-65.92,82.03,0.37,0.12,0.12,0,0,0,0,0
376766398,99815,29.28,0,-25.72,84.66,-44.05,-1001.22,-65.92,79.1,0,-0.18,0.12,0,0,0,0,0
377788725,99817,29.28,0,-25.72,84.67,-43.97,-1007.81,-68.85,64.45,0,0.06,-0.18,0,0,0,0,0
378810761,99813,29.29,0,-26.02,84.63,-44.2,-1004.15,-74.71,64.45,-0.06,0.12,-0.31,0,0,0,0,0
379832693,99817,29.29,0,-26.33,84.58,-44.47,-1001.95,-79.1,66.65,0.18,0.12,0.37,0,0,0,0,0
380854962,99815,29.3,0,-26,84.57,-44.07,-1001.22,-65.19,81.3,-0.06,0,0.18,0,0,0,0,0
381877216,99817,29.31,0,-26.17,84.6,-44.15,-1005.62,-64.45,65.19,0,-0.18,0.06,0,0,0,0,0
382899477,99817,29.31,0,-26.3,84.62,-44.2,-1005.62,-65.92,68.12,0.18,0.18,0.06,0,0,0,0,0
383921558,99819,29.32,0,-26.22,84.6,-44.06,-1003.42,-64.45,74.71,0.06,0.12,-0.06,0,0,0,0,0
384943538,99818,29.32,0,-26.42,84.64,-44.16,-1003.42,-68.85,75.44,0.18,-0.24,-0.18,0,0,0,0,0
385965155,99822,29.33,0,-26.51,84.63,-44.15,-1007.81,-66.65,69.58,0.18,0,-0.06,0,0,0,0,0
386986711,99822,29.33,0,-26.68,84.63,-44.25,-1001.22,-68.85,65.19,-0.31,0.06,-0.12,0,0,0,0,0
388007900,99825,29.35,0,-26.81,84.64,-44.29,-1002.69,-68.85,73.24,0.12,0.06,-0.24,0,0,0,0,0
389029581,99818,29.35,0,-26.8,84.64,-44.2,-1003.42,-63.72,69.58,0.55,0.06,0.18,0,0,0,0,0
390050828,99818,29.35,0,-26.38,84.68,-43.67,-1006.35,-65.19,74.71,0.06,-0.18,-0.12,0,0,0,0,0
391076096,99818,29.36,0,-26.72,84.64,-43.93,-1004.15,-68.85,72.51,-0.12,-0.06,-0.06,0,0,0,0,0
392094372,99821,29.36,0,-26.57,84.66,-43.69,-1001.22,-57.86,68.12,0.18,-0.18,0.12,0,0,0,0,0
393115790,99821,29.37,0,-26.78,84.66,-43.84,-1005.62,-62.99,67.38,-0.18,0.18,-0.12,0,0,0,0,0
394137786,99823,29.38,0,-27.44,84.64,-44.44,-1006.35,-72.51,71.04,-0.06,0,0.06,0,0,0,0,0
395159250,99818,29.38,0,-26.91,84.66,-43.82,-1006.35,-66.65,64.45,0.06,0,0.18,0,0,0,0,0
396181109,99814,29.39,0,-26.57,84.68,-43.41,-1007.81,-71.78,66.65,0.06,0.06,0.12,0,0,0,0,0
397202494,99812,29.39,0,-26.76,84.65,-43.51,-1007.08,-66.65,68.12,0.06,0,-0.12,0,0,0,0,0
398223877,99811,29.4,0,-27.3,84.71,-43.95,-1007.81,-65.19,73.97,0.37,-0.18,0.31,0,0,0,0,0
399245081,99817,29.4,0,-27.39,84.65,-43.99,-1006.35,-77.64,65.19,-0.06,0.31,-0.06,0,0,0,0,0
400266647,99814,29.41,0,-26.33,84.71,-42.83,-1004.88,-63.72,71.04,-0.06,0,-0.18,0,0,0,0,0
401287819,99814,29.42,0,-26.57,84.7,-43,-1001.22,-60.79,63.72,0.12,0.37,-0.31,0,0,0,0,0
402309026,99814,29.42,0,-26.85,84.68,-43.18,-1006.35,-68.12,71.78,0.24,0.06,-0.31,0,0,0,0,0
403330279,99811,29.42,0,-26.9,84.7,-43.14,-1006.35,-72.51,69.58,0.18,0,-0.18,0,0,0,0,0
404351654,99815,29.43,0,-27.22,84.69,-43.37,-1003.42,-62.99,67.38,0.18,0.12,-0.06,0,0,0,0,0
405373104,99805,29.43,0,-27.13,84.69,-43.21,-1002.69,-52.73,71.78,0.12,0.24,0.31,0,0,0,0,0
406394973,99815,29.44,0,-26.74,84.66,-42.75,-1007.81,-61.52,68.12,0.06,0.24,-0.31,0,0,0,0,0
407416189,99814,29.44,0,-27.38,84.66,-43.31,-1004.15,-71.04,71.04,0.06,-0.12,-0.12,0,0,0,0,0
408495235,99811,29.44,0,-27.81,84.63,-43.67,-1006.35,-71.78,63.72,0,-0.12,-0.12,0,0,0,0,0
409517562,99812,29.45,0,-28.13,84.67,-43.92,-1009.28,-68.85,64.45,0.24,0.55,0.24,0,0,0,0,0
410539179,99817,29.46,0,-27.7,84.64,-43.42,-1001.95,-74.71,71.04,0.12,0,0.24,0,0,0,0,0
411560604,99814,29.46,0,-27.7,84.71,-43.33,-1006.35,-67.38,73.97,0,-0.31,-0.12,0,0,0,0,0
412581827,99817,29.46,0,-28.19,84.66,-43.76,-1001.95,-75.44,53.47,0.18,0.12,0.37,0,0,0,0,0
413603327,99808,29.47,0,-27.34,84.73,-42.8,-1004.15,-63.72,71.04,0.06,0.06,-0.18,0,0,0,0,0
414624704,99811,29.48,0,-28.32,84.68,-43.69,-1007.08,-73.24,77.64,0,0.06,-0.06,0,0,0,0,0
415646339,99808,29.5,0,-28.65,84.68,-43.95,-1004.15,-68.12,57.13,0.06,0.12,0.31,0,0,0,0,0
416667800,99811,29.5,0,-28.48,84.63,-43.71,-1007.08,-70.31,74.71,0,0,-0.12,0,0,0,0,0
417689609,99810,29.51,0,-28.49,84.65,-43.63,-1002.69,-64.45,68.85,0.12,-0.12,-0.12,0,0,0,0,0
418711292,99807,29.51,0,-28.93,84.62,-43.99,-1004.88,-78.37,64.45,-0.06,0.31,0.12,0,0,0,0,0
419733271,99815,29.52,0,-29.16,84.62,-44.17,-1005.62,-69.58,57.13,0.24,0.31,0.12,0,0,0,0,0
420755028,99813,29.53,0,-28.56,84.63,-43.49,-1007.08,-66.65,73.97,0.18,-0.06,0,0,0,0,0,0
421776917,99813,29.54,0,-28.75,84.66,-43.57,-1004.88,-65.92,66.65,0.24,-0.18,-0.12,0,0,0,0,0
422856205,99816,29.54,0,-28.42,84.67,-43.13,-1004.88,-58.59,65.92,0.31,-0.24,0,0,0,0,0,0
423878312,99817,29.54,0,-28.55,84.64,-43.18,-1005.62,-54.2,64.45,0.12,0.24,-0.24,0,0,0,0,0
424899472,99811,29.55,0,-28.43,84.67,-42.99,-1007.81,-61.52,71.04,0,0,-0.61,0,0,0,0,0
425921635,99813,29.56,0,-28.75,84.68,-43.21,-1002.69,-60.79,76.9,0.18,0,-0.12,0,0,0,0,0
426945056,99814,29.57,0,-29.11,84.67,-43.5,-1006.35,-66.65,72.51,-0.06,-0.37,-0.06,0,0,0,0,0
427966664,99812,29.58,0,-29.09,84.69,-43.37,-1006.35,-59.33,59.33,0.12,0.18,0.12,0,0,0,0,0
428987923,99810,29.6,0,-29.17,84.67,-43.38,-1004.88,-61.52,61.52,0.12,0.49,0.06,0,0,0,0,0
430009383,99807,29.6,0,-29.93,84.67,-44.02,-1001.22,-68.85,76.17,0,0.12,0.06,0,0,0,0,0
431030818,99810,29.62,0,-29.63,84.69,-43.65,-1007.81,-62.26,71.04,-0.12,-0.24,-0.06,0,0,0,0,0
432052190,99806,29.63,0,-29.67,84.68,-43.6,-1002.69,-66.65,66.65,0.18,0.18,0.06,0,0,0,0,0
433073564,99815,29.64,0,-29.79,84.68,-43.65,-1004.88,-72.51,73.24,-0.12,-0.18,-0.12,0,0,0,0,0
434095840,99805,29.65,0,-30.42,84.68,-44.19,-1005.62,-63.72,62.99,-0.12,0,0.24,0,0,0,0,0
435117988,99812,29.66,0,-30.04,84.68,-43.73,-1004.88,-58.59,80.57,0,0,0.37,0,0,0,0,0
436140217,99808,29.67,0,-29.74,84.72,-43.34,-1004.88,-61.52,71.78,0.06,-0.31,0.12,0,0,0,0,0
437161412,99808,29.68,0,-29.9,84.69,-43.44,-1005.62,-60.06,73.24,0.37,0.12,0,0,0,0,0,0
438182982,99808,29.69,0,-30.03,84.7,-43.49,-1006.35,-78.37,65.92,-0.12,-0.18,-0.06,0,0,0,0,0
439204582,99806,29.69,0,-29.99,84.71,-43.35,-1005.62,-69.58,78.37,0.24,0.06,0.06,0,0,0,0,0
440226098,99809,29.7,0,-29.99,84.73,-43.28,-1002.69,-64.45,64.45,0.24,0.06,0.49,0,0,0,0,0
441247833,99809,29.7,0,-29.91,84.69,-43.16,-1002.69,-66.65,68.12,0.06,0.06,0.24,0,0,0,0,0
442269877,99813,29.71,0,-29.9,84.66,-43.08,-1004.15,-61.52,80.57,0.06,0.06,-0.12,0,0,0,0,0
443292010,99815,29.72,0,-29.95,84.69,-43.03,-1006.35,-67.38,73.24,0.18,0,-0.12,0,0,0,0,0
444314328,99812,29.73,0,-30.49,84.69,-43.49,-1003.42,-77.64,71.78,-0.06,0.06,-0.12,0,0,0,0,0
445340851,99809,29.73,0,-30.88,84.68,-43.81,-1001.95,-68.85,77.64,0.37,0.12,0.24,0,0,0,0,0
446363088,99806,29.73,0,-30.32,84.73,-43.14,-1004.88,-61.52,76.9,0,-0.06,0.24,0,0,0,0,0
447385379,99807,29.74,0,-29.95,84.75,-42.69,-1004.15,-75.44,87.89,-0.37,-0.12,-0.06,0,0,0,0,0
448172220,99808,29.74,0,-30.15,84.74,-42.84,-1008.54,-72.51,77.64,-0.18,-0.06,-0.37,0,0,0,0,0
448182258,99808,29.74,0,-30.18,84.74,-42.86,-1005.62,-58.59,62.99,0.06,-0.06,-0.37,0,0,0,0,0
448192303,99808,29.74,0,-30.2,84.74,-42.89,-1001.22,-71.04,76.9,0.18,0,-0.31,0,0,0,0,0
448203221,99808,29.74,0,-30.22,84.74,-42.91,-1007.08,-60.06,60.79,0.06,-0.06,-0.18,0,0,0,0,0
448213255,99808,29.74,0,-30.22,84.73,-42.91,-1002.69,-71.78,84.23,-0.12,-0.06,-0.24,0,0,0,0,0
448223290,99808,29.74,0,-30.27,84.73,-42.95,-1004.15,-64.45,67.38,0.06,0.12,-0.37,0,0,0,0,0
448233333,99808,29.74,0,-30.31,84.73,-42.99,-1006.35,-60.79,64.45,0.24,0.18,-0.31,0,0,0,0,0
448243387,99808,29.74,0,-30.32,84.73,-43,-1004.88,-69.58,81.3,0.18,0,-0.31,0,0,0,0,0
448254312,99808,29.74,0,-30.35,84.73,-43.04,-1005.62,-66.65,57.86,-0.12,-0.24,-0.31,0,0,0,0,0
448264357,99808,29.74,0,-30.36,84.72,-43.05,-1007.81,-80.57,87.16,-0.31,-0.12,-0.24,0,0,0,0,0
448274409,99808,29.74,0,-30.42,84.71,-43.11,-1002.69,-75.44,61.52,-0.06,0.06,-0.18,0,0,0,0,0
448284465,99808,29.74,0,-30.47,84.71,-43.15,-1005.62,-75.44,67.38,0.31,0,-0.18,0,0,0,0,0
448294512,99808,29.74,0,-30.47,84.71,-43.15,-1003.42,-73.24,77.64,0.31,-0.06,-0.06,0,0,0,0,0
448305448,99808,29.74,0,-30.48,84.71,-43.16,-1003.42,-59.33,57.86,0.18,-0.06,-0.06,0,0,0,0,0
448315494,99808,29.74,0,-30.46,84.7,-43.13,-1004.15,-71.78,92.29,0.24,0,-0.06,0,0,0,0,0
448325534,99808,29.74,0,-30.49,84.71,-43.16,-1007.81,-61.52,50.54,0.12,-0.06,-0.06,0,0,0,0,0
448335580,99808,29.74,0,-30.46,84.7,-43.13,-1003.42,-71.04,88.62,0.06,0,0,0,0,0,0,0
448345632,99808,29.74,0,-30.5,84.7,-43.17,-1006.35,-73.97,60.06,0.12,0,0.06,0,0,0,0,0
448356566,99808,29.74,0,-30.5,84.7,-43.18,-1007.08,-82.03,80.57,0,-0.12,0,0,0,0,0,0
448366606,99808,29.74,0,-30.53,84.7,-43.21,-1007.08,-73.24,59.33,0,0,0.12,0,0,0,0,0
448376652,99808,29.74,0,-30.51,84.7,-43.18,-1008.54,-68.12,70.31,0.06,-0.06,0.31,0,0,0,0,0
448386694,99808,29.74,0,-30.49,84.7,-43.16,-1007.08,-63.72,70.31,0.06,-0.06,0.18,0,0,0,0,0
448396740,99808,29.74,0,-30.48,84.7,-43.15,-1004.15,-67.38,68.85,0.06,-0.06,0.18,0,0,0,0,0
448407702,99807,29.74,0.08,-30.44,84.7,-43.11,-1007.08,-59.33,71.78,0,-0.06,0.18,0,0,0,0,0
448417739,99807,29.74,0.08,-30.42,84.71,-43.09,-1007.08,-63.72,60.06,0.18,-0.12,0.31,0,0,0,0,0
448427799,99807,29.74,0.08,-30.37,84.71,-43.03,-1005.62,-67.38,76.17,0.24,-0.31,0.37,0,0,0,0,0
448437853,99807,29.74,0.08,-30.33,84.71,-42.99,-1007.81,-63.72,60.79,0,-0.31,0.43,0,0,0,0,0
448447889,99807,29.74,0.08,-30.29,84.71,-42.96,-1001.95,-72.51,76.9,-0.06,-0.12,0.43,0,0,0,0,0
448458820,99808,29.74,0,-30.28,84.71,-42.95,-1004.88,-62.99,62.99,0.18,0.12,0.31,0,0,0,0,0
448468859,99808,29.74,0,-30.25,84.72,-42.91,-1006.35,-57.13,68.12,0.24,-0.06,0.18,0,0,0,0,0
448478903,99808,29.74,0,-30.2,84.72,-42.86,-1004.88,-55.66,74.71,0.37,-0.24,0.06,0,0,0,0,0
448488948,99808,29.74,0,-30.16,84.72,-42.82,-1002.69,-53.47,67.38,0.24,-0.18,0.12,0,0,0,0,0
448498992,99808,29.74,0,-30.1,84.72,-42.76,-1008.54,-60.79,79.1,0.06,-0.31,0.12,0,0,0,0,0
448509926,99809,29.74,-0.08,-30.06,84.72,-42.72,-1008.54,-58.59,67.38,0.18,-0.24,0.12,0,0,0,0,0
448519966,99809,29.74,-0.08,-30.03,84.72,-42.68,-1001.22,-53.47,70.31,0.24,0,0.12,0,0,0,0,0
448530013,99809,29.74,-0.08,-30.01,84.72,-42.66,-1005.62,-64.45,71.78,0.06,-0.06,0.12,0,0,0,0,0
448540059,99809,29.74,-0.08,-30.03,84.72,-42.68,-1004.15,-65.19,58.59,0.06,0,0.06,0,0,0,0,0
448550111,99809,29.74,-0.08,-30.01,84.73,-42.67,-1005.62,-57.86,73.97,0.06,0.06,0,0,0,0,0,0
448561042,99808,29.74,0,-29.98,84.72,-42.63,-1004.88,-57.86,81.3,0.12,0.06,-0.06,0,0,0,0,0
448571093,99808,29.74,0,-29.96,84.72,-42.61,-1004.88,-52.73,75.44,0.18,0.06,-0.12,0,0,0,0,0
448581144,99808,29.74,0,-29.95,84.72,-42.6,-1005.62,-55.66,72.51,0,-0.06,-0.18,0,0,0,0,0
448591190,99808,29.74,0,-29.96,84.73,-42.61,-1006.35,-56.4,61.52,-0.06,0,-0.18,0,0,0,0,0
448601241,99808,29.74,0,-29.95,84.73,-42.6,-1009.28,-51.27,73.24,0,0,-0.24,0,0,0,0,0
448612176,99808,29.74,0,-29.95,84.73,-42.6,-1010.01,-58.59,68.85,0,0,-0.18,0,0,0,0,0
448622225,99808,29.74,0,-29.95,84.72,-42.6,-1002.69,-65.19,80.57,-0.18,0.06,-0.12,0,0,0,0,0
448632272,99808,29.74,0,-29.98,84.72,-42.63,-1003.42,-66.65,69.58,-0.37,0,-0.31,0,0,0,0,0
448642319,99808,29.74,0,-30.03,84.73,-42.68,-1010.01,-62.99,55.66,-0.18,0.06,-0.18,0,0,0,0,0
448652367,99808,29.74,0,-30.03,84.73,-42.68,-1004.88,-59.33,74.71,0.18,0.12,-0.18,0,0,0,0,0
448663302,99809,29.74,-0.08,-30.07,84.72,-42.72,-1007.81,-62.26,62.99,0.31,0,-0.37,0,0,0,0,0
448673345,99809,29.74,-0.08,-30.09,84.72,-42.74,-1005.62,-65.19,77.64,-0.06,-0.06,-0.43,0,0,0,0,0
448683393,99809,29.74,-0.08,-30.11,84.71,-42.76,-1004.15,-69.58,79.1,-0.12,0,-0.43,0,0,0,0,0
448693428,99809,29.74,-0.08,-30.17,84.71,-42.82,-1004.15,-73.24,65.92,0,0.06,-0.31,0,0,0,0,0
448703491,99809,29.74,-0.08,-30.2,84.71,-42.86,-1007.08,-67.38,67.38,0,0.12,-0.18,0,0,0,0,0
448714419,99809,29.74,-0.08,-30.29,84.71,-42.94,-1004.15,-75.44,60.06,0,0.37,-0.12,0,0,0,0,0
448724457,99809,29.74,-0.08,-30.35,84.71,-43,-1009.28,-73.24,71.78,0.18,0.43,-0.18,0,0,0,0,0
448734512,99809,29.74,-0.08,-30.41,84.71,-43.06,-1002.69,-71.04,68.12,0.24,0.31,-0.24,0,0,0,0,0
448744560,99809,29.74,-0.08,-30.45,84.71,-43.09,-1002.69,-70.31,68.12,0.18,0.18,-0.12,0,0,0,0,0
448754605,99809,29.74,-0.08,-30.46,84.71,-43.11,-1008.54,-71.78,74.71,0.12,0.06,-0.06,0,0,0,0,0
448765553,99809,29.74,-0.08,-30.5,84.71,-43.14,-1008.54,-68.12,62.26,0.18,0.06,-0.06,0,0,0,0,0
448775595,99809,29.74,-0.08,-30.5,84.71,-43.13,-1006.35,-65.92,76.9,0.12,0,-0.12,0,0,0,0,0
448785643,99809,29.74,-0.08,-30.56,84.71,-43.2,-1003.42,-71.04,52,-0.12,-0.06,-0.18,0,0,0,0,0
448795693,99809,29.74,-0.08,-30.59,84.71,-43.23,-1009.28,-78.37,73.97,0,0.12,-0.06,0,0,0,0,0
448805743,99809,29.74,-0.08,-30.62,84.71,-43.26,-1003.42,-78.37,65.92,0.06,0.12,0.24,0,0,0,0,0
448816679,99809,29.74,-0.08,-30.59,84.71,-43.23,-1005.62,-73.24,75.44,0.12,-0.12,0.24,0,0,0,0,0
448826735,99809,29.74,-0.08,-30.59,84.71,-43.23,-1007.81,-69.58,60.79,0.18,-0.18,0.24,0,0,0,0,0
448836793,99809,29.74,-0.08,-30.61,84.71,-43.25,-1005.62,-69.58,54.2,0.18,0,0.24,0,0,0,0,0
448846836,99809,29.74,-0.08,-30.58,84.71,-43.21,-1004.15,-71.78,82.03,0.37,0,0.24,0,0,0,0,0
448856880,99809,29.74,-0.08,-30.57,84.72,-43.2,-1004.15,-59.33,60.79,0.49,0.06,0.24,0,0,0,0,0
448867807,99809,29.74,-0.08,-30.57,84.72,-43.19,-1010.74,-67.38,71.04,0.31,0.12,0.18,0,0,0,0,0
448877848,99809,29.74,-0.08,-30.58,84.72,-43.21,-1004.15,-68.85,56.4,0,-0.12,0.18,0,0,0,0,0
448887892,99809,29.74,-0.08,-30.53,84.72,-43.15,-1003.42,-76.17,85.69,0.12,-0.24,0.37,0,0,0,0,0
448897936,99809,29.74,-0.08,-30.5,84.72,-43.12,-1005.62,-62.99,58.59,0.24,-0.24,0.43,0,0,0,0,0
448907983,99809,29.74,-0.08,-30.43,84.72,-43.05,-1008.54,-65.19,87.16,0.43,-0.12,0.31,0,0,0,0,0
448918915,99809,29.74,-0.08,-30.4,84.72,-43.02,-1009.28,-58.59,60.79,0.31,-0.06,0.31,0,0,0,0,0
448928950,99809,29.74,-0.08,-30.37,84.72,-42.98,-1004.88,-63.72,68.85,-0.06,-0.18,0.31,0,0,0,0,0
448939001,99809,29.74,-0.08,-30.31,84.73,-42.92,-1007.81,-59.33,77.64,0.24,-0.12,0.31,0,0,0,0,0
448949040,99809,29.74,-0.08,-30.26,84.73,-42.87,-1008.54,-52,60.06,0.37,-0.18,0.31,0,0,0,0,0
448959080,99809,29.74,-0.08,-30.19,84.73,-42.8,-1002.69,-64.45,90.82,0.24,-0.12,0.24,0,0,0,0,0
448970009,99809,29.75,-0.08,-30.18,84.73,-42.78,-1001.95,-67.38,62.26,0,-0.24,0.24,0,0,0,0,0
448980048,99809,29.75,-0.08,-30.12,84.73,-42.73,-1004.15,-59.33,78.37,0.12,-0.12,0.18,0,0,0,0,0
448990093,99809,29.75,-0.08,-30.08,84.73,-42.68,-1006.35,-53.47,73.24,0.49,0.06,0.18,0,0,0,0,0
449000133,99809,29.75,-0.08,-30.06,84.74,-42.66,-1002.69,-54.2,65.92,0.37,0.06,0.12,0,0,0,0,0
449010181,99809,29.75,-0.08,-30.04,84.73,-42.64,-1003.42,-65.92,82.03,-0.12,0.06,0.06,0,0,0,0,0
449021113,99807,29.74,0.08,-30.05,84.74,-42.64,-1004.88,-62.26,71.04,-0.06,0.24,0.12,0,0,0,0,0
449031157,99807,29.74,0.08,-30,84.74,-42.59,-1001.22,-52.73,86.43,0.18,0.24,0.12,0,0,0,0,0
449041180,99807,29.74,0.08,-29.97,84.74,-42.56,-1007.81,-49.8,67.38,0.12,0,0,0,0,0,0,0
449051202,99807,29.74,0.08,-29.97,84.74,-42.56,-1005.62,-57.86,67.38,-0.18,-0.06,-0.12,0,0,0,0,0
449061237,99807,29.74,0.08,-29.98,84.74,-42.58,-1007.08,-64.45,70.31,-0.43,-0.06,-0.18,0,0,0,0,0
449072144,99808,29.74,0,-29.99,84.74,-42.59,-1010.74,-58.59,71.04,0.12,0.12,-0.18,0,0,0,0,0
449082186,99808,29.74,0,-29.97,84.74,-42.56,-1003.42,-54.2,78.37,0.31,0.06,-0.18,0,0,0,0,0
449092242,99808,29.74,0,-29.99,84.74,-42.59,-1007.08,-67.38,70.31,-0.12,0.12,-0.12,0,0,0,0,0
449102286,99808,29.74,0,-30.03,84.74,-42.63,-1004.88,-71.04,71.78,-0.24,0.24,-0.12,0,0,0,0,0
449112331,99808,29.74,0,-30.04,84.74,-42.64,-1003.42,-54.93,74.71,0.12,0.31,-0.18,0,0,0,0,0
449123266,99808,29.75,0,-30.03,84.74,-42.63,-1002.69,-54.93,79.1,0.43,0.18,-0.24,0,0,0,0,0
449137418,99808,29.75,0,-30.1,84.74,-42.7,-1007.81,-73.24,63.72,-0.31,0,-0.18,0,0,0,0,0
449147464,99808,29.75,0,-30.15,84.73,-42.75,-1005.62,-80.57,75.44,-0.37,0.12,-0.18,0,0,0,0,0
449157506,99808,29.75,0,-30.19,84.74,-42.79,-1001.22,-61.52,65.92,0.12,0.24,-0.24,0,0,0,0,0
449167557,99808,29.75,0,-30.22,84.74,-42.81,-1005.62,-63.72,73.97,0.37,0.18,-0.31,0,0,0,0,0
449177620,99808,29.74,0,-30.27,84.73,-42.87,-1006.35,-73.97,69.58,0.06,0.18,-0.31,0,0,0,0,0
449187645,99808,29.74,0,-30.31,84.73,-42.91,-1005.62,-76.9,78.37,-0.24,0.12,-0.24,0,0,0,0,0
449197669,99808,29.74,0,-30.36,84.73,-42.96,-1004.15,-68.12,68.85,0.12,0.12,-0.37,0,0,0,0,0
449207696,99808,29.74,0,-30.37,84.73,-42.96,-1008.54,-53.47,65.19,0.49,0,-0.31,0,0,0,0,0
449217727,99808,29.74,0,-30.38,84.73,-42.97,-1007.81,-63.72,69.58,0.24,0.06,-0.12,0,0,0,0,0
449227742,99807,29.74,0.08,-30.42,84.73,-43.01,-1004.88,-76.17,68.12,-0.37,0.06,-0.06,0,0,0,0,0
449237773,99807,29.74,0.08,-30.45,84.72,-43.05,-1004.88,-76.17,65.19,-0.37,0,0,0,0,0,0,0
449247801,99807,29.74,0.08,-30.46,84.72,-43.05,-1004.15,-65.19,68.12,0.31,-0.12,-0.12,0,0,0,0,0
449257823,99807,29.74,0.08,-30.46,84.72,-43.05,-1003.42,-68.12,69.58,0.61,-0.18,-0.12,0,0,0,0,0
449267853,99807,29.74,0.08,-30.48,84.72,-43.06,-1005.62,-70.31,66.65,0.18,-0.12,-0.06,0,0,0,0,0
449277986,99807,29.74,0.08,-30.5,84.72,-43.09,-1003.42,-71.04,66.65,-0.12,-0.06,-0.12,0,0,0,0,0
449288122,99807,29.74,0.08,-30.47,84.71,-43.06,-1005.62,-60.06,72.51,0.12,-0.31,-0.06,0,0,0,0,0
449298257,99807,29.74,0.08,-30.46,84.71,-43.04,-1006.35,-65.19,66.65,0.37,-0.24,0,0,0,0,0,0
449308398,99807,29.74,0.08,-30.45,84.71,-43.03,-1002.69,-71.78,72.51,0.12,-0.18,0.12,0,0,0,0,0
449318418,99807,29.74,0.08,-30.44,84.71,-43.02,-1008.54,-68.85,69.58,0,-0.06,0.18,0,0,0,0,0
449328436,99807,29.74,0.08,-30.42,84.71,-43,-1006.35,-65.92,71.04,0.06,0,0.18,0,0,0,0,0
449338473,99807,29.74,0.08,-30.42,84.71,-43,-1007.08,-68.12,69.58,0.24,-0.06,0.06,0,0,0,0,0
449348498,99807,29.74,0.08,-30.4,84.71,-42.97,-1005.62,-59.33,69.58,0.18,-0.06,0.12,0,0,0,0,0
449358524,99807,29.74,0.08,-30.38,84.71,-42.96,-1005.62,-66.65,72.51,0.06,0,0.18,0,0,0,0,0
449368557,99807,29.74,0.08,-30.36,84.72,-42.93,-1010.01,-64.45,71.04,0,-0.06,0.24,0,0,0,0,0
449378725,99807,29.74,0.08,-30.29,84.72,-42.86,-1005.62,-50.54,72.51,0.18,-0.12,0.24,0,0,0,0,0
449388762,99807,29.74,0.08,-30.29,84.72,-42.86,-1007.08,-62.26,62.26,0.12,0.12,0.24,0,0,0,0,0
449398786,99807,29.74,0.08,-30.28,84.73,-42.85,-1005.62,-62.26,71.04,-0.18,0.12,0.18,0,0,0,0,0
449408807,99807,29.74,0.08,-30.28,84.72,-42.86,-1003.42,-71.04,67.38,-0.24,-0.24,0,0,0,0,0,0
449418828,99807,29.74,0.08,-30.25,84.72,-42.82,-1002.69,-63.72,78.37,0.18,-0.37,-0.12,0,0,0,0,0
449429780,99807,29.74,0.08,-30.23,84.72,-42.8,-1005.62,-59.33,70.31,0.43,-0.06,0,0,0,0,0,0
449439813,99807,29.74,0.08,-30.21,84.72,-42.78,-1008.54,-57.13,67.38,0.31,0,0.06,0,0,0,0,0
449449834,99807,29.74,0.08,-30.21,84.72,-42.77,-1007.81,-64.45,69.58,0.18,0,0.06,0,0,0,0,0
449459856,99807,29.74,0.08,-30.17,84.72,-42.74,-1004.15,-56.4,73.24,0.06,-0.12,0.06,0,0,0,0,0
449469880,99807,29.74,0.08,-30.13,84.73,-42.7,-1007.81,-52,69.58,0.12,-0.12,0.06,0,0,0,0,0
449480904,99807,29.74,0.08,-30.12,84.73,-42.68,-1008.54,-59.33,73.97,0.31,0.06,0,0,0,0,0,0
449490943,99807,29.74,0.08,-30.13,84.72,-42.69,-1003.42,-68.12,74.71,-0.06,0.06,-0.18,0,0,0,0,0
449500965,99807,29.74,0.08,-30.17,84.72,-42.73,-1004.88,-71.78,69.58,-0.24,0.06,-0.18,0,0,0,0,0
449510989,99807,29.74,0.08,-30.17,84.72,-42.73,-1001.22,-57.13,73.24,0.43,0.12,-0.18,0,0,0,0,0
449521015,99807,29.74,0.08,-30.17,84.72,-42.73,-1005.62,-56.4,71.78,0.49,0,-0.31,0,0,0,0,0
449532041,99808,29.75,0,-30.19,84.72,-42.75,-1004.88,-65.19,67.38,-0.31,-0.18,-0.31,0,0,0,0,0
449542076,99808,29.75,0,-30.2,84.72,-42.76,-1003.42,-68.12,67.38,-0.18,-0.18,-0.12,0,0,0,0,0
449552119,99808,29.75,0,-30.16,84.71,-42.72,-1005.62,-52.73,77.64,0.31,-0.18,-0.12,0,0,0,0,0
449562165,99808,29.75,0,-30.14,84.71,-42.69,-1006.35,-60.79,77.64,0.43,-0.06,-0.12,0,0,0,0,0
449572214,99808,29.75,0,-30.15,84.71,-42.7,-1004.88,-67.38,71.78,-0.06,0,-0.06,0,0,0,0,0
449583146,99808,29.75,0,-30.18,84.71,-42.74,-1006.35,-70.31,63.72,-0.31,-0.12,-0.18,0,0,0,0,0
449593191,99808,29.75,0,-30.2,84.71,-42.76,-1007.81,-59.33,63.72,0.12,-0.06,-0.24,0,0,0,0,0
449603234,99808,29.75,0,-30.2,84.71,-42.75,-1008.54,-62.26,79.83,0.24,0.06,-0.24,0,0,0,0,0
449613273,99808,29.75,0,-30.23,84.7,-42.78,-1001.95,-71.04,72.51,0,0.06,-0.18,0,0,0,0,0
449623315,99808,29.75,0,-30.27,84.7,-42.82,-1006.35,-77.64,71.78,-0.06,0.12,-0.06,0,0,0,0,0
449634241,99805,29.75,0.25,-30.29,84.7,-42.84,-1006.35,-63.72,62.99,0.06,0.06,-0.06,0,0,0,0,0
449644276,99805,29.75,0.25,-30.32,84.71,-42.87,-1007.08,-62.26,58.59,0.31,-0.06,-0.18,0,0,0,0,0
449654299,99805,29.75,0.25,-30.3,84.7,-42.85,-1006.35,-62.99,75.44,0,-0.18,-0.12,0,0,0,0,0
449664438,99805,29.75,0.25,-30.33,84.7,-42.88,-1004.15,-72.51,68.85,-0.31,-0.12,-0.18,0,0,0,0,0
449674462,99805,29.75,0.25,-30.34,84.7,-42.89,-1004.15,-69.58,76.17,0,0.06,-0.12,0,0,0,0,0
449685369,99808,29.75,0,-30.34,84.7,-42.89,-1007.08,-68.12,64.45,0.24,-0.12,0.12,0,0,0,0,0
449695412,99808,29.75,0,-30.34,84.7,-42.89,-1007.08,-70.31,71.04,0.18,0,0.12,0,0,0,0,0
449705440,99808,29.75,0,-30.38,84.7,-42.93,-1000.49,-79.1,68.85,0.06,0.12,0.06,0,0,0,0,0
449715465,99808,29.75,0,-30.38,84.7,-42.93,-1004.15,-65.19,68.85,-0.12,0,0.06,0,0,0,0,0
449725494,99808,29.75,0,-30.38,84.7,-42.93,-1005.62,-65.19,66.65,0.12,-0.06,0,0,0,0,0,0
449736516,99807,29.75,0.08,-30.38,84.7,-42.92,-1001.22,-60.79,74.71,0.37,0.12,-0.06,0,0,0,0,0
449746569,99807,29.75,0.08,-30.35,84.7,-42.89,-1006.35,-65.19,81.3,0.06,0,0.06,0,0,0,0,0
449756618,99807,29.75,0.08,-30.34,84.7,-42.88,-1004.15,-63.72,63.72,-0.06,-0.12,0.18,0,0,0,0,0
449766659,99807,29.75,0.08,-30.33,84.7,-42.87,-1002.69,-67.38,68.12,0.06,-0.06,0.24,0,0,0,0,0
449776704,99807,29.75,0.08,-30.31,84.7,-42.85,-1007.08,-65.19,62.26,0.24,-0.06,0.31,0,0,0,0,0
449787641,99808,29.75,0,-30.31,84.7,-42.85,-1004.15,-71.78,73.24,0.18,0,0.18,0,0,0,0,0
449797679,99808,29.75,0,-30.3,84.7,-42.84,-1002.69,-71.78,77.64,0,0.12,0.24,0,0,0,0,0
449807724,99808,29.75,0,-30.28,84.71,-42.82,-1004.88,-59.33,68.12,0.24,0.12,0.24,0,0,0,0,0
449817765,99808,29.75,0,-30.29,84.71,-42.82,-1004.15,-56.4,62.99,0.31,0.18,0,0,0,0,0,0
449827806,99808,29.75,0,-30.27,84.71,-42.81,-1003.42,-58.59,71.78,0.18,0.12,0.12,0,0,0,0,0
449838738,99809,29.75,-0.08,-30.25,84.72,-42.78,-1006.35,-60.79,73.97,0.18,0.24,0.31,0,0,0,0,0
449848781,99809,29.75,-0.08,-30.22,84.72,-42.75,-1007.81,-54.2,69.58,0.24,0.18,0.24,0,0,0,0,0
449858829,99809,29.75,-0.08,-30.22,84.72,-42.74,-1003.42,-65.92,70.31,0,-0.06,0.06,0,0,0,0,0
449868862,99809,29.75,-0.08,-30.23,84.72,-42.76,-1006.35,-68.85,61.52,-0.31,-0.12,0.06,0,0,0,0,0
449878901,99809,29.75,-0.08,-30.23,84.72,-42.76,-1003.42,-66.65,71.04,-0.18,0,0.06,0,0,0,0,0
449889834,99809,29.75,-0.08,-30.2,84.73,-42.73,-1005.62,-57.13,70.31,0.12,-0.06,0.12,0,0,0,0,0
449899881,99809,29.75,-0.08,-30.17,84.73,-42.69,-1004.15,-59.33,70.31,0.24,-0.12,0.12,0,0,0,0,0
449909926,99809,29.75,-0.08,-30.14,84.72,-42.67,-1007.81,-66.65,73.24,0,-0.24,0.06,0,0,0,0,0
449919973,99809,29.75,-0.08,-30.1,84.72,-42.63,-1007.08,-57.13,73.97,-0.06,-0.31,-0.06,0,0,0,0,0
449930023,99809,29.75,-0.08,-30.08,84.72,-42.61,-1001.95,-54.2,68.12,0.18,-0.12,-0.06,0,0,0,0,0
449940948,99809,29.75,-0.08,-30.07,84.73,-42.6,-1004.15,-52.73,65.92,0.18,0.06,-0.06,0,0,0,0,0
449950991,99809,29.75,-0.08,-30.09,84.73,-42.62,-1004.15,-71.04,73.97,-0.18,0.06,-0.06,0,0,0,0,0
449961037,99809,29.75,-0.08,-30.09,84.73,-42.62,-1004.88,-60.79,68.85,-0.24,0.06,-0.06,0,0,0,0,0
449971079,99809,29.75,-0.08,-30.08,84.73,-42.61,-1004.88,-61.52,78.37,0.18,0.18,0,0,0,0,0,0
449981128,99809,29.75,-0.08,-30.1,84.73,-42.62,-1010.01,-54.93,59.33,0.43,0.06,-0.06,0,0,0,0,0
449992062,99809,29.75,-0.08,-30.13,84.73,-42.65,-1001.95,-62.26,68.12,-0.18,0.12,-0.24,0,0,0,0,0
450002105,99809,29.75,-0.08,-30.16,84.73,-42.69,-1004.88,-66.65,71.04,-0.06,0.24,-0.18,0,0,0,0,0
450012154,99809,29.75,-0.08,-30.16,84.74,-42.69,-1006.35,-50.54,69.58,0.24,0.24,-0.18,0,0,0,0,0
450022196,99809,29.75,-0.08,-30.17,84.74,-42.69,-1007.81,-54.2,73.24,0.12,0.18,-0.24,0,0,0,0,0
450032236,99809,29.75,-0.08,-30.23,84.74,-42.75,-1004.88,-66.65,60.06,-0.24,0.12,-0.31,0,0,0,0,0
450043163,99808,29.75,0,-30.27,84.73,-42.79,-1009.28,-72.51,74.71,-0.31,0.12,-0.24,0,0,0,0,0
450053205,99808,29.75,0,-30.3,84.73,-42.83,-1007.08,-65.19,67.38,0,0.12,-0.24,0,0,0,0,0
450063247,99808,29.75,0,-30.34,84.73,-42.86,-1004.15,-68.85,68.12,0.31,0,-0.31,0,0,0,0,0
450073297,99808,29.75,0,-30.39,84.73,-42.91,-1001.95,-72.51,68.85,0.12,0.06,-0.37,0,0,0,0,0
450083348,99808,29.75,0,-30.48,84.73,-43,-1004.88,-76.17,59.33,-0.12,0.12,-0.37,0,0,0,0,0
450094222,99807,29.75,0.08,-30.5,84.72,-43.02,-1004.88,-62.99,72.51,0.12,0.12,-0.31,0,0,0,0,0
450104336,99807,29.75,0.08,-30.51,84.72,-43.02,-1000.49,-60.06,76.9,0.43,0.12,-0.24,0,0,0,0,0
450114427,99807,29.75,0.08,-30.51,84.72,-43.02,-1001.22,-71.78,90.82,0.37,0.24,-0.18,0,0,0,0,0
450124505,99807,29.75,0.08,-30.57,84.72,-43.08,-1001.22,-73.24,59.33,0.24,0.12,-0.12,0,0,0,0,0
450134579,99807,29.75,0.08,-30.61,84.72,-43.12,-1005.62,-71.04,58.59,0.12,-0.06,-0.12,0,0,0,0,0
450145375,99808,29.75,0,-30.65,84.71,-43.15,-1007.08,-74.71,66.65,0.12,-0.12,-0.18,0,0,0,0,0
450155463,99808,29.75,0,-30.68,84.71,-43.19,-1007.08,-79.83,71.78,0.12,0,-0.12,0,0,0,0,0
450165530,99808,29.75,0,-30.7,84.7,-43.21,-999.02,-79.83,89.36,0.12,0.24,-0.12,0,0,0,0,0
450175595,99808,29.75,0,-30.76,84.7,-43.26,-1002.69,-80.57,65.92,0.12,0.12,0,0,0,0,0,0
450185665,99808,29.75,0,-30.74,84.7,-43.24,-1005.62,-62.99,71.04,0.31,-0.06,0.06,0,0,0,0,0
450196476,99808,29.75,0,-30.8,84.71,-43.29,-1007.81,-70.31,44.68,0.37,0,0.12,0,0,0,0,0
450206591,99808,29.75,0,-30.81,84.71,-43.31,-1000.49,-65.19,57.86,0.06,0.12,0.24,0,0,0,0,0
450216672,99808,29.75,0,-30.79,84.71,-43.29,-1003.42,-76.17,82.76,-0.06,0.12,0.31,0,0,0,0,0
450226735,99808,29.75,0,-30.75,84.71,-43.24,-1005.62,-65.19,76.17,0.12,0,0.43,0,0,0,0,0
450236811,99808,29.75,0,-30.72,84.71,-43.21,-1004.15,-75.44,77.64,0.31,-0.12,0.37,0,0,0,0,0
450247612,99805,29.75,0.25,-30.73,84.72,-43.22,-1007.08,-62.99,48.34,0.18,-0.06,0.31,0,0,0,0,0
450257698,99805,29.75,0.25,-30.7,84.72,-43.19,-1008.54,-72.51,68.12,0.12,-0.24,0.43,0,0,0,0,0
450267771,99805,29.75,0.25,-30.65,84.72,-43.14,-1005.62,-60.06,64.45,0.18,-0.18,0.43,0,0,0,0,0
450277842,99805,29.75,0.25,-30.59,84.73,-43.08,-1003.42,-57.86,76.9,0.31,0.06,0.37,0,0,0,0,0
450287911,99805,29.75,0.25,-30.55,84.73,-43.03,-1007.81,-64.45,79.1,0.12,0.12,0.49,0,0,0,0,0
450298716,99804,29.75,0.34,-30.49,84.74,-42.97,-1010.74,-57.86,63.72,-0.12,-0.12,0.55,0,0,0,0,0
450308826,99804,29.75,0.34,-30.46,84.74,-42.95,-1003.42,-64.45,66.65,-0.18,0,0.43,0,0,0,0,0
450318900,99804,29.75,0.34,-30.45,84.74,-42.94,-1007.08,-60.06,60.79,-0.18,0,0.18,0,0,0,0,0
450328923,99804,29.75,0.34,-30.42,84.74,-42.91,-1009.28,-66.65,70.31,-0.12,-0.31,0.18,0,0,0,0,0
450338951,99804,29.75,0.34,-30.35,84.74,-42.85,-1007.08,-57.86,76.17,0,-0.37,0.18,0,0,0,0,0
450349857,99801,29.75,0.59,-30.3,84.74,-42.79,-1002.69,-60.79,76.9,0.12,-0.18,0.18,0,0,0,0,0
450359886,99801,29.75,0.59,-30.25,84.74,-42.73,-1003.42,-45.41,70.31,0.24,0,0.12,0,0,0,0,0
450370024,99801,29.75,0.59,-30.21,84.75,-42.7,-1004.88,-51.27,69.58,0.18,-0.06,0,0,0,0,0,0
450380156,99801,29.75,0.59,-30.2,84.75,-42.69,-1009.28,-52,54.93,-0.06,-0.06,0.12,0,0,0,0,0
450390297,99801,29.75,0.59,-30.18,84.75,-42.67,-1004.88,-68.12,81.3,-0.24,0,0.06,0,0,0,0,0
450400954,99804,29.75,0.34,-30.17,84.75,-42.66,-1004.88,-65.19,82.03,0,0.12,0,0,0,0,0,0
450410994,99804,29.75,0.34,-30.16,84.75,-42.65,-1007.08,-58.59,76.9,0.24,0.18,-0.06,0,0,0,0,0
450421130,99804,29.75,0.34,-30.18,84.75,-42.66,-1005.62,-62.99,73.24,0.06,0.18,-0.12,0,0,0,0,0
450431155,99804,29.75,0.34,-30.24,84.75,-42.72,-1005.62,-65.19,49.8,-0.06,0.18,-0.06,0,0,0,0,0
450441178,99804,29.75,0.34,-30.24,84.75,-42.72,-1004.15,-65.92,88.62,0,0.31,-0.12,0,0,0,0,0
450452014,99802,29.75,0.5,-30.21,84.75,-42.69,-1003.42,-52.73,75.44,0.37,0,-0.18,0,0,0,0,0
450462051,99802,29.75,0.5,-30.19,84.75,-42.67,-1005.62,-54.2,75.44,0.31,0.06,-0.06,0,0,0,0,0
450472191,99802,29.75,0.5,-30.22,84.75,-42.71,-1004.88,-65.19,65.19,-0.37,0.18,-0.12,0,0,0,0,0
450482336,99802,29.75,0.5,-30.3,84.75,-42.79,-1005.62,-75.44,61.52,-0.49,0.31,-0.18,0,0,0,0,0
450492477,99802,29.75,0.5,-30.32,84.75,-42.81,-1000.49,-71.78,85.69,0.06,0.37,-0.06,0,0,0,0,0
450503132,99804,29.75,0.34,-30.34,84.75,-42.82,-1005.62,-65.92,75.44,0.37,0.37,0,0,0,0,0,0
450513168,99804,29.75,0.34,-30.39,84.75,-42.88,-1004.15,-71.04,61.52,0,0.18,-0.12,0,0,0,0,0
450523190,99804,29.75,0.34,-30.46,84.75,-42.95,-1005.62,-76.9,57.13,-0.18,0.12,-0.06,0,0,0,0,0
450533216,99804,29.75,0.34,-30.47,84.75,-42.95,-1002.69,-74.71,73.24,0.24,0,0.06,0,0,0,0,0
450543357,99804,29.75,0.34,-30.42,84.75,-42.89,-1004.15,-54.2,91.55,0.79,0.18,0,0,0,0,0,0
450554260,99805,29.75,0.25,-30.45,84.76,-42.92,-1001.22,-61.52,60.79,0.55,0.24,0,0,0,0,0,0
450564293,99805,29.75,0.25,-30.53,84.76,-43,-1009.28,-76.17,52,-0.31,0.24,0,0,0,0,0,0
450574316,99805,29.75,0.25,-30.57,84.76,-43.04,-1005.62,-73.97,63.72,-0.43,0.12,0.06,0,0,0,0,0
450584339,99805,29.75,0.25,-30.57,84.76,-43.04,-1002.69,-70.31,76.17,0.37,0.18,0.12,0,0,0,0,0
450594363,99805,29.75,0.25,-30.55,84.76,-43.01,-1003.42,-57.86,71.04,0.73,0.06,0.12,0,0,0,0,0
450605385,99804,29.75,0.34,-30.57,84.76,-43.03,-1005.62,-78.37,69.58,0.12,-0.06,0.12,0,0,0,0,0
450615420,99804,29.75,0.34,-30.6,84.76,-43.07,-1004.15,-71.78,52,-0.55,-0.18,0.06,0,0,0,0,0
450625450,99804,29.75,0.34,-30.61,84.77,-43.08,-1004.15,-54.2,54.2,-0.12,0,0,0,0,0,0,0
450635584,99804,29.75,0.34,-30.56,84.77,-43.02,-1006.35,-48.34,79.1,0.73,0.06,-0.06,0,0,0,0,0
450645611,99804,29.75,0.34,-30.56,84.77,-43.01,-1007.08,-60.79,65.19,0.61,0,0.06,0,0,0,0,0
450656518,99807,29.75,0.09,-30.57,84.77,-43.03,-1004.15,-79.1,76.9,-0.92,0.12,0.24,0,0,0,0,0
450666556,99807,29.75,0.09,-30.6,84.77,-43.07,-1006.35,-68.85,56.4,-0.18,0.06,0.12,0,0,0,0,0
450676584,99807,29.75,0.09,-30.56,84.77,-43.03,-1006.35,-54.93,64.45,0.61,-0.18,0.12,0,0,0,0,0
450686608,99807,29.75,0.09,-30.57,84.77,-43.03,-1007.81,-63.72,62.26,0.31,-0.12,-0.06,0,0,0,0,0
450696634,99807,29.75,0.09,-30.61,84.77,-43.07,-1005.62,-79.1,60.06,-0.37,-0.12,0.06,0,0,0,0,0
450707659,99805,29.75,0.25,-30.56,84.77,-43.03,-1007.08,-72.51,86.43,-0.18,-0.24,0.12,0,0,0,0,0
450717701,99805,29.75,0.25,-30.52,84.77,-42.98,-1007.08,-52.73,66.65,0.67,-0.24,0,0,0,0,0,0
450727728,99805,29.75,0.25,-30.45,84.77,-42.9,-1002.69,-39.55,80.57,0.73,-0.12,-0.12,0,0,0,0,0
450737861,99805,29.75,0.25,-30.44,84.77,-42.89,-1007.08,-60.06,58.59,-0.24,-0.31,0,0,0,0,0,0
450747893,99805,29.75,0.25,-30.44,84.76,-42.9,-1007.81,-79.1,71.78,-0.61,-0.31,0,0,0,0,0,0
450758798,99809,29.75,0,-30.45,84.76,-42.91,-1004.15,-62.26,65.92,-0.12,-0.06,-0.06,0,0,0,0,0
450768851,99809,29.75,0,-30.44,84.76,-42.89,-1004.88,-65.19,73.97,0.49,-0.12,-0.06,0,0,0,0,0
450778895,99809,29.75,0,-30.4,84.75,-42.86,-1004.88,-68.85,87.16,0.18,-0.18,-0.06,0,0,0,0,0
450788950,99809,29.75,0,-30.43,84.75,-42.89,-1008.54,-77.64,60.06,-0.31,-0.37,-0.06,0,0,0,0,0
450799001,99809,29.75,0,-30.41,84.75,-42.87,-1004.88,-68.12,75.44,-0.06,-0.24,0,0,0,0,0,0
450809940,99807,29.76,0.08,-30.36,84.75,-42.81,-1007.81,-44.68,74.71,0.61,0,-0.06,0,0,0,0,0
450819983,99807,29.76,0.08,-30.3,84.75,-42.74,-1007.81,-56.4,93.02,0.49,-0.06,-0.12,0,0,0,0,0
450830021,99807,29.76,0.08,-30.32,84.74,-42.77,-999.76,-69.58,70.31,-0.31,0.06,-0.06,0,0,0,0,0
450840062,99807,29.76,0.08,-30.34,84.74,-42.8,-1001.95,-74.71,72.51,-0.67,0.12,0,0,0,0,0,0
450850110,99807,29.76,0.08,-30.35,84.74,-42.81,-1007.81,-65.19,68.85,-0.18,0.12,0.06,0,0,0,0,0
450861035,99808,29.75,0,-30.37,84.74,-42.82,-1008.54,-70.31,74.71,0.43,0.18,0,0,0,0,0,0
450871078,99808,29.75,0,-30.41,84.74,-42.86,-1005.62,-72.51,72.51,0.18,0.31,-0.06,0,0,0,0,0
450881130,99808,29.75,0,-30.45,84.74,-42.91,-1005.62,-71.78,68.85,-0.24,0.24,-0.06,0,0,0,0,0
450891175,99808,29.75,0,-30.44,84.74,-42.9,-1007.08,-62.26,79.1,-0.06,0.12,-0.06,0,0,0,0,0
450901215,99808,29.75,0,-30.43,84.75,-42.88,-1006.35,-44.68,60.79,0.43,0.24,0,0,0,0,0,0
450912151,99805,29.76,0.25,-30.41,84.75,-42.86,-1003.42,-59.33,79.83,0.12,0.06,-0.06,0,0,0,0,0
450922193,99805,29.76,0.25,-30.46,84.75,-42.91,-1007.81,-69.58,64.45,-0.24,0.24,-0.12,0,0,0,0,0
450932240,99805,29.76,0.25,-30.51,84.75,-42.97,-1007.81,-69.58,65.92,-0.31,0.37,-0.12,0,0,0,0,0
450942283,99805,29.76,0.25,-30.55,84.75,-43,-1002.69,-66.65,72.51,0.24,0.31,-0.12,0,0,0,0,0
450952344,99805,29.76,0.25,-30.57,84.75,-43.02,-1006.35,-65.19,67.38,0.37,0.18,-0.06,0,0,0,0,0
450963270,99807,29.76,0.08,-30.59,84.76,-43.03,-1008.54,-67.38,73.97,0,0.31,0.06,0,0,0,0,0
450973316,99807,29.76,0.08,-30.65,84.76,-43.1,-1002.69,-70.31,53.47,0,0.37,0.12,0,0,0,0,0
450983358,99807,29.76,0.08,-30.65,84.77,-43.1,-1007.08,-57.13,63.72,0.24,0.18,0.06,0,0,0,0,0
450993412,99807,29.76,0.08,-30.63,84.77,-43.07,-1007.08,-51.27,65.92,0.43,-0.06,-0.06,0,0,0,0,0
451003464,99807,29.76,0.08,-30.6,84.77,-43.04,-1003.42,-56.4,80.57,0.31,0.06,-0.06,0,0,0,0,0
451014401,99808,29.76,0,-30.61,84.77,-43.05,-1004.88,-67.38,70.31,-0.24,0,0,0,0,0,0,0
451024449,99808,29.76,0,-30.62,84.77,-43.07,-1004.88,-67.38,57.13,-0.37,-0.12,0.06,0,0,0,0,0
451034494,99808,29.76,0,-30.63,84.77,-43.08,-1005.62,-62.99,54.93,0,-0.18,0.06,0,0,0,0,0
451044531,99808,29.76,0,-30.65,84.77,-43.09,-1008.54,-66.65,60.79,0.12,0,0.06,0,0,0,0,0
451054577,99808,29.76,0,-30.64,84.77,-43.09,-1007.08,-64.45,79.1,0.12,0.18,0,0,0,0,0,0
451065515,99808,29.75,0,-30.64,84.78,-43.08,-1004.88,-57.86,68.12,0.06,0.12,0,0,0,0,0,0
451075563,99808,29.75,0,-30.64,84.78,-43.08,-1009.28,-60.79,64.45,0.18,-0.12,-0.06,0,0,0,0,0
451085605,99808,29.75,0,-30.61,84.78,-43.04,-1005.62,-54.93,68.12,0.24,-0.18,0,0,0,0,0,0
451095646,99808,29.75,0,-30.59,84.77,-43.02,-1004.88,-60.79,84.23,0.12,0.06,-0.18,0,0,0,0,0
451105686,99808,29.75,0,-30.65,84.77,-43.08,-1003.42,-75.44,61.52,-0.06,0.12,-0.12,0,0,0,0,0
451116633,99809,29.76,-0.08,-30.67,84.77,-43.11,-1003.42,-79.83,73.24,-0.06,0,0.06,0,0,0,0,0
451126673,99809,29.76,-0.08,-30.68,84.76,-43.12,-1005.62,-79.1,72.51,0.12,-0.18,0,0,0,0,0,0
451138418,99809,29.76,-0.08,-30.69,84.76,-43.12,-1004.88,-73.24,70.31,0.31,-0.18,0,0,0,0,0,0
451148462,99809,29.76,-0.08,-30.67,84.76,-43.1,-1002.69,-65.92,76.17,0.31,0,0.06,0,0,0,0,0
451158521,99809,29.76,-0.08,-30.68,84.76,-43.11,-1002.69,-68.12,62.26,0.12,0.06,0.18,0,0,0,0,0
451168620,99809,29.76,-0.08,-30.66,84.76,-43.09,-1004.88,-75.44,83.5,0,-0.12,0.12,0,0,0,0,0
451178686,99809,29.76,-0.08,-30.59,84.76,-43.02,-1005.62,-55.66,79.83,0.12,-0.24,0.12,0,0,0,0,0
451188752,99809,29.76,-0.08,-30.55,84.75,-42.97,-1004.15,-68.12,77.64,0.24,-0.12,0.31,0,0,0,0,0
451198813,99809,29.76,-0.08,-30.55,84.76,-42.97,-1005.62,-76.9,71.04,-0.06,0.18,0.55,0,0,0,0,0
451208868,99809,29.76,-0.08,-30.59,84.76,-43.02,-1005.62,-81.3,55.66,-0.31,0.24,0.49,0,0,0,0,0
451218974,99808,29.75,0,-30.6,84.76,-43.02,-1004.88,-77.64,83.5,0.12,0.24,0.18,0,0,0,0,0
451229023,99808,29.75,0,-30.58,84.76,-43,-1004.88,-69.58,84.23,0.49,0.24,0.24,0,0,0,0,0
451239068,99808,29.75,0,-30.52,84.76,-42.94,-997.56,-60.79,79.1,0.24,0.06,0.37,0,0,0,0,0
451249106,99808,29.75,0,-30.51,84.76,-42.94,-1003.42,-70.31,64.45,-0.06,-0.18,0.24,0,0,0,0,0
451259143,99808,29.75,0,-30.51,84.77,-42.93,-1006.35,-62.99,58.59,0.12,0,0.31,0,0,0,0,0
451269839,99808,29.76,0,-30.46,84.77,-42.87,-1004.88,-62.26,82.03,0.49,0.06,0.31,0,0,0,0,0
451279877,99808,29.76,0,-30.41,84.77,-42.82,-1001.22,-57.86,76.17,0.43,0.12,0.31,0,0,0,0,0
451289917,99808,29.76,0,-30.39,84.77,-42.8,-1004.88,-65.92,73.24,-0.12,0.06,0.31,0,0,0,0,0
451299966,99808,29.76,0,-30.41,84.77,-42.82,-1007.81,-72.51,57.13,-0.31,0.06,0.43,0,0,0,0,0
451310009,99808,29.76,0,-30.39,84.78,-42.8,-1004.15,-60.79,62.99,0.06,0.06,0.37,0,0,0,0,0
451320952,99808,29.76,0,-30.37,84.79,-42.78,-1004.15,-47.61,60.06,0.61,0.24,0.24,0,0,0,0,0
451330996,99808,29.76,0,-30.34,84.8,-42.74,-1007.81,-56.4,69.58,0.55,0.24,0.37,0,0,0,0,0
451341048,99808,29.76,0,-30.33,84.8,-42.73,-1004.88,-62.99,68.85,0.12,0.24,0.37,0,0,0,0,0
451351080,99808,29.76,0,-30.3,84.8,-42.7,-1007.08,-58.59,76.9,0,0.18,0.24,0,0,0,0,0
451361123,99808,29.76,0,-30.25,84.81,-42.65,-1004.88,-50.54,65.92,0.37,-0.12,0.18,0,0,0,0,0
451372050,99808,29.76,0,-30.25,84.81,-42.64,-1003.42,-53.47,62.26,0.37,0.18,0.12,0,0,0,0,0
451382083,99808,29.76,0,-30.29,84.82,-42.69,-1004.15,-65.92,57.86,-0.24,0.31,0.06,0,0,0,0,0
451392120,99808,29.76,0,-30.3,84.82,-42.7,-1006.35,-61.52,63.72,-0.12,0.18,0.18,0,0,0,0,0
451402159,99808,29.76,0,-30.24,84.82,-42.64,-1006.35,-50.54,76.17,0.31,-0.06,0.12,0,0,0,0,0
451412199,99808,29.76,0,-30.2,84.83,-42.59,-1009.28,-50.54,69.58,0.61,-0.12,0.06,0,0,0,0,0
451423127,99809,29.76,-0.08,-30.16,84.83,-42.55,-999.76,-54.93,73.97,0.18,0,0.06,0,0,0,0,0
451433166,99809,29.76,-0.08,-30.19,84.83,-42.58,-1005.62,-62.26,55.66,-0.31,-0.06,-0.06,0,0,0,0,0
451443213,99809,29.76,-0.08,-30.18,84.83,-42.57,-1010.01,-57.13,67.38,0.12,-0.06,-0.06,0,0,0,0,0
451453266,99809,29.76,-0.08,-30.16,84.83,-42.54,-1004.15,-56.4,76.9,0.61,0.06,-0.06,0,0,0,0,0
451463319,99809,29.76,-0.08,-30.12,84.83,-42.5,-1003.42,-55.66,80.57,0.12,0.06,0,0,0,0,0,0
451474169,99807,29.76,0.08,-30.13,84.83,-42.51,-1004.15,-68.85,75.44,-0.37,0.06,0,0,0,0,0,0
451484210,99807,29.76,0.08,-30.16,84.83,-42.55,-1007.81,-63.72,59.33,-0.31,0,-0.12,0,0,0,0,0
451494253,99807,29.76,0.08,-30.16,84.83,-42.55,-1007.08,-56.4,71.04,0.12,0,-0.24,0,0,0,0,0
451504303,99807,29.76,0.08,-30.16,84.83,-42.55,-1007.08,-50.54,61.52,0.12,-0.12,-0.31,0,0,0,0,0
451514352,99807,29.76,0.08,-30.16,84.82,-42.54,-1005.62,-66.65,80.57,0,-0.12,-0.24,0,0,0,0,0
451525285,99807,29.76,0.08,-30.17,84.82,-42.56,-1003.42,-71.04,73.24,-0.12,-0.06,-0.12,0,0,0,0,0
451535320,99807,29.76,0.08,-30.2,84.82,-42.58,-1000.49,-65.92,71.04,-0.18,0,-0.24,0,0,0,0,0
451545344,99807,29.76,0.08,-30.21,84.81,-42.6,-1001.22,-68.12,83.5,0,0,-0.43,0,0,0,0,0
451555364,99807,29.76,0.08,-30.26,84.81,-42.64,-1004.88,-64.45,57.86,0.06,-0.06,-0.31,0,0,0,0,0
451565391,99807,29.76,0.08,-30.27,84.8,-42.65,-1007.08,-71.04,82.76,-0.06,0,-0.24,0,0,0,0,0
451576419,99807,29.76,0.08,-30.31,84.8,-42.69,-1002.69,-66.65,62.26,0.12,0.12,-0.06,0,0,0,0,0
451586461,99807,29.76,0.08,-30.28,84.8,-42.67,-1006.35,-57.86,84.96,0.12,0.12,-0.18,0,0,0,0,0
451596599,99807,29.76,0.08,-30.31,84.8,-42.7,-1002.69,-62.99,71.04,0.18,0.12,-0.31,0,0,0,0,0
451606738,99807,29.76,0.08,-30.34,84.8,-42.73,-1003.42,-67.38,70.31,-0.06,0.12,-0.18,0,0,0,0,0
451616767,99807,29.76,0.08,-30.39,84.8,-42.77,-1004.88,-76.9,65.19,-0.24,0,-0.06,0,0,0,0,0
451627550,99807,29.76,0.08,-30.39,84.8,-42.77,-1006.35,-68.12,71.04,0.06,-0.06,0,0,0,0,0,0
451637590,99807,29.76,0.08,-30.39,84.79,-42.77,-1004.88,-66.65,76.9,0.24,-0.06,-0.18,0,0,0,0,0
451647615,99807,29.76,0.08,-30.45,84.79,-42.83,-1005.62,-74.71,65.19,0.12,0.18,-0.12,0,0,0,0,0
451657754,99807,29.76,0.08,-30.48,84.79,-42.86,-1004.88,-75.44,72.51,0.12,0.18,0,0,0,0,0,0
451667774,99807,29.76,0.08,-30.49,84.79,-42.86,-1007.81,-62.26,67.38,0.31,0.18,0.06,0,0,0,0,0
451678674,99807,29.76,0.08,-30.46,84.79,-42.83,-1007.81,-56.4,75.44,0.37,0.12,0.06,0,0,0,0,0
451688712,99807,29.76,0.08,-30.47,84.79,-42.84,-1003.42,-68.12,73.97,0.24,0.06,-0.06,0,0,0,0,0
451698738,99807,29.76,0.08,-30.49,84.79,-42.85,-1008.54,-71.04,71.78,0,0.12,0.06,0,0,0,0,0
451708765,99807,29.76,0.08,-30.5,84.79,-42.87,-1007.08,-65.19,70.31,0,0.37,0.12,0,0,0,0,0
451718793,99807,29.76,0.08,-30.53,84.8,-42.9,-1004.88,-67.38,61.52,0.06,0.37,0.24,0,0,0,0,0
451729818,99805,29.76,0.25,-30.53,84.8,-42.9,-1004.15,-68.12,70.31,0,0.06,0.18,0,0,0,0,0
451739849,99805,29.76,0.25,-30.54,84.8,-42.91,-1010.01,-66.65,64.45,0.18,0,0.12,0,0,0,0,0
451749871,99805,29.76,0.25,-30.54,84.8,-42.9,-1007.08,-65.92,67.38,0.18,-0.06,0.06,0,0,0,0,0
451760009,99805,29.76,0.25,-30.52,84.8,-42.88,-1003.42,-62.99,68.12,0.18,-0.18,0.06,0,0,0,0,0
451770031,99805,29.76,0.25,-30.52,84.8,-42.88,-1002.69,-61.52,63.72,0.06,-0.18,-0.06,0,0,0,0,0
451780927,99805,29.76,0.25,-30.53,84.8,-42.89,-1006.35,-65.19,64.45,-0.12,-0.18,-0.12,0,0,0,0,0
451790967,99805,29.76,0.25,-30.54,84.8,-42.91,-1004.88,-66.65,64.45,-0.18,-0.18,-0.12,0,0,0,0,0
451800991,99805,29.76,0.25,-30.53,84.8,-42.9,-1004.88,-61.52,65.92,0,-0.06,0.06,0,0,0,0,0
451811127,99805,29.76,0.25,-30.53,84.8,-42.9,-1007.08,-65.19,69.58,0.31,0.12,0.12,0,0,0,0,0
451821151,99805,29.76,0.25,-30.53,84.8,-42.89,-1004.88,-65.19,70.31,0.18,0,0.06,0,0,0,0,0
451832049,99805,29.76,0.25,-30.53,84.8,-42.89,-1002.69,-57.86,63.72,0.12,-0.06,-0.06,0,0,0,0,0
451842083,99805,29.76,0.25,-30.52,84.8,-42.88,-1005.62,-66.65,68.85,0.24,-0.06,0.06,0,0,0,0,0
451852107,99805,29.76,0.25,-30.5,84.8,-42.86,-1008.54,-64.45,65.19,0.06,-0.24,0.18,0,0,0,0,0
451862127,99805,29.76,0.25,-30.47,84.8,-42.83,-1007.08,-64.45,74.71,0.06,-0.06,0.18,0,0,0,0,0
451872156,99805,29.76,0.25,-30.44,84.8,-42.79,-1004.88,-58.59,72.51,0.06,0,0.24,0,0,0,0,0
451883181,99802,29.76,0.5,-30.43,84.81,-42.78,-1007.81,-64.45,67.38,0,-0.06,0.12,0,0,0,0,0
451893218,99802,29.76,0.5,-30.42,84.81,-42.77,-1007.08,-60.06,65.92,0.24,0,0.06,0,0,0,0,0
451903238,99802,29.76,0.5,-30.41,84.81,-42.76,-1005.62,-57.86,65.92,0.24,0,0.06,0,0,0,0,0
451913263,99802,29.76,0.5,-30.39,84.81,-42.74,-1005.62,-63.72,74.71,0.12,-0.18,-0.06,0,0,0,0,0
451923286,99802,29.76,0.5,-30.37,84.8,-42.71,-1005.62,-64.45,76.17,0.12,-0.31,-0.12,0,0,0,0,0
451934316,99802,29.76,0.5,-30.34,84.8,-42.68,-1001.95,-56.4,70.31,0,-0.06,0.06,0,0,0,0,0
451944349,99802,29.76,0.5,-30.32,84.8,-42.67,-1007.81,-60.06,76.17,0,0.12,0.06,0,0,0,0,0
451954370,99802,29.76,0.5,-30.33,84.8,-42.68,-1005.62,-59.33,65.19,-0.06,-0.06,-0.18,0,0,0,0,0
451964505,99802,29.76,0.5,-30.31,84.8,-42.66,-1005.62,-50.54,73.97,-0.06,0,-0.24,0,0,0,0,0
451974525,99802,29.76,0.5,-30.29,84.8,-42.64,-1004.88,-58.59,76.9,0,0.06,-0.06,0,0,0,0,0
451985432,99804,29.76,0.34,-30.3,84.8,-42.65,-1003.42,-62.99,71.78,-0.06,0.06,-0.12,0,0,0,0,0
451995468,99804,29.76,0.34,-30.3,84.8,-42.65,-1003.42,-64.45,77.64,-0.12,0,-0.18,0,0,0,0,0
452005606,99804,29.76,0.34,-30.31,84.79,-42.66,-1003.42,-66.65,76.17,-0.12,-0.06,-0.24,0,0,0,0,0
452015627,99804,29.76,0.34,-30.31,84.79,-42.66,-1006.35,-62.99,71.04,0,-0.18,-0.24,0,0,0,0,0
452025647,99804,29.76,0.34,-30.32,84.79,-42.67,-1004.15,-62.99,73.24,0,0,-0.24,0,0,0,0,0
452036552,99805,29.76,0.25,-30.35,84.79,-42.71,-1001.95,-60.06,73.97,0,0.43,-0.24,0,0,0,0,0
452046590,99805,29.76,0.25,-30.38,84.79,-42.73,-1001.95,-57.86,73.97,-0.18,0.31,-0.31,0,0,0,0,0
452056628,99805,29.76,0.25,-30.4,84.79,-42.75,-1007.08,-60.06,72.51,0,0.18,-0.24,0,0,0,0,0
452066653,99805,29.76,0.25,-30.41,84.79,-42.77,-1003.42,-68.12,72.51,-0.06,0.06,-0.12,0,0,0,0,0
452076685,99805,29.76,0.25,-30.45,84.79,-42.81,-1005.62,-73.97,69.58,-0.37,0,-0.18,0,0,0,0,0
452087589,99808,29.76,0,-30.52,84.78,-42.88,-1004.15,-73.97,64.45,-0.24,0.12,-0.24,0,0,0,0,0
452097634,99808,29.76,0,-30.57,84.78,-42.93,-1004.15,-71.78,74.71,0.06,0.31,-0.24,0,0,0,0,0
452107678,99808,29.76,0,-30.63,84.78,-42.99,-1007.08,-68.85,64.45,0.12,0.31,-0.31,0,0,0,0,0
452117725,99808,29.76,0,-30.68,84.78,-43.03,-1004.88,-71.78,69.58,0.24,0.12,-0.24,0,0,0,0,0
452127773,99808,29.76,0,-30.69,84.78,-43.04,-1006.35,-65.92,72.51,0.31,0.06,-0.12,0,0,0,0,0
452138712,99811,29.76,-0.25,-30.69,84.78,-43.04,-1004.15,-60.79,73.97,0.37,0.18,-0.12,0,0,0,0,0
452148756,99811,29.76,-0.25,-30.67,84.78,-43.02,-1004.88,-57.13,80.57,0.24,0,-0.18,0,0,0,0,0
452158802,99811,29.76,-0.25,-30.7,84.78,-43.05,-1002.69,-67.38,63.72,-0.12,0.12,-0.06,0,0,0,0,0
452168842,99811,29.76,-0.25,-30.74,84.78,-43.09,-1004.88,-72.51,65.19,-0.24,0.24,0.06,0,0,0,0,0
452178890,99811,29.76,-0.25,-30.77,84.78,-43.13,-1002.69,-70.31,62.26,-0.24,0.12,0.06,0,0,0,0,0
452189821,99811,29.76,-0.25,-30.79,84.78,-43.14,-1004.88,-71.04,65.19,-0.12,0,0.12,0,0,0,0,0
452199863,99811,29.76,-0.25,-30.82,84.78,-43.17,-1007.81,-76.9,66.65,0.06,-0.06,0,0,0,0,0,0
452209912,99811,29.76,-0.25,-30.83,84.78,-43.18,-1002.69,-67.38,64.45,0.18,-0.12,0,0,0,0,0,0
452219957,99811,29.76,-0.25,-30.82,84.78,-43.17,-1007.81,-63.72,66.65,0.24,-0.06,0.06,0,0,0,0,0
452230004,99811,29.76,-0.25,-30.8,84.78,-43.14,-1009.28,-52,65.19,0.43,0.06,0.06,0,0,0,0,0
452240938,99811,29.76,-0.25,-30.79,84.79,-43.14,-1006.35,-62.26,64.45,0.37,0.06,0.18,0,0,0,0,0
452250978,99811,29.76,-0.25,-30.78,84.79,-43.12,-1004.88,-66.65,71.04,0.18,0,0.18,0,0,0,0,0
452261016,99811,29.76,-0.25,-30.78,84.79,-43.12,-1007.08,-73.97,64.45,-0.12,-0.24,0.18,0,0,0,0,0
452271059,99811,29.76,-0.25,-30.77,84.78,-43.11,-1006.35,-72.51,67.38,-0.12,-0.24,0.24,0,0,0,0,0
452281103,99811,29.76,-0.25,-30.75,84.78,-43.09,-1006.35,-76.9,70.31,0.18,-0.37,0.18,0,0,0,0,0
452292025,99809,29.76,-0.08,-30.72,84.78,-43.06,-1004.88,-67.38,65.92,0.43,-0.37,0.18,0,0,0,0,0
452302068,99809,29.76,-0.08,-30.67,84.78,-43,-1006.35,-58.59,71.78,0.43,-0.24,0.18,0,0,0,0,0
452312108,99809,29.76,-0.08,-30.61,84.78,-42.94,-1007.08,-49.8,71.78,0.43,-0.06,0.18,0,0,0,0,0
452322143,99809,29.76,-0.08,-30.55,84.79,-42.88,-1007.08,-48.34,73.97,0.24,-0.06,0.12,0,0,0,0,0
452332179,99809,29.76,-0.08,-30.52,84.79,-42.84,-1010.01,-52.73,71.78,0.06,-0.12,-0.06,0,0,0,0,0
452343116,99811,29.76,-0.25,-30.49,84.78,-42.82,-1004.88,-63.72,74.71,-0.06,-0.18,0,0,0,0,0,0
452353168,99811,29.76,-0.25,-30.48,84.78,-42.81,-1003.42,-68.12,65.92,-0.24,-0.24,0.12,0,0,0,0,0
452363215,99811,29.76,-0.25,-30.48,84.78,-42.81,-999.02,-70.31,69.58,-0.31,-0.12,0.06,0,0,0,0,0
452373253,99811,29.76,-0.25,-30.47,84.78,-42.81,-1007.81,-65.19,73.24,-0.12,-0.06,0,0,0,0,0,0
452383303,99811,29.76,-0.25,-30.46,84.78,-42.79,-1007.08,-65.92,75.44,0.18,-0.18,-0.12,0,0,0,0,0
452394231,99808,29.76,0,-30.43,84.77,-42.75,-1001.95,-53.47,77.64,0.43,-0.12,-0.18,0,0,0,0,0
452404287,99808,29.76,0,-30.41,84.77,-42.73,-1005.62,-57.13,73.97,0.37,0,-0.06,0,0,0,0,0
452414337,99808,29.76,0,-30.36,84.77,-42.68,-1003.42,-57.13,83.5,0.18,-0.06,-0.06,0,0,0,0,0
452424384,99808,29.76,0,-30.37,84.77,-42.68,-1005.62,-61.52,74.71,0.12,0,-0.24,0,0,0,0,0
452434437,99808,29.76,0,-30.36,84.76,-42.68,-1001.22,-65.92,79.83,-0.06,-0.06,-0.24,0,0,0,0,0
452445375,99805,29.76,0.25,-30.37,84.76,-42.69,-1007.08,-72.51,78.37,-0.12,-0.12,-0.18,0,0,0,0,0
452455428,99805,29.76,0.25,-30.4,84.75,-42.72,-1005.62,-74.71,78.37,-0.06,0.06,-0.24,0,0,0,0,0
452465474,99805,29.76,0.25,-30.42,84.75,-42.74,-1005.62,-65.92,76.17,0.12,0.12,-0.18,0,0,0,0,0
452475518,99805,29.76,0.25,-30.43,84.75,-42.75,-1004.15,-62.26,74.71,0.31,0.12,-0.24,0,0,0,0,0
452485572,99805,29.76,0.25,-30.44,84.75,-42.75,-1002.69,-56.4,71.78,0.24,0.31,-0.06,0,0,0,0,0
452496430,99805,29.76,0.25,-30.46,84.75,-42.77,-1007.08,-63.72,71.78,-0.06,0.24,-0.06,0,0,0,0,0
452506474,99805,29.76,0.25,-30.47,84.75,-42.78,-1004.15,-61.52,78.37,0,0.37,-0.12,0,0,0,0,0
452516526,99805,29.76,0.25,-30.51,84.76,-42.82,-1006.35,-65.92,65.92,0,0.24,-0.12,0,0,0,0,0
452526574,99805,29.76,0.25,-30.55,84.76,-42.86,-1006.35,-68.12,65.92,-0.18,0.18,-0.12,0,0,0,0,0
452536617,99805,29.76,0.25,-30.64,84.76,-42.96,-1006.35,-82.76,62.99,-0.31,0.43,-0.06,0,0,0,0,0
452547552,99805,29.76,0.25,-30.71,84.76,-43.02,-1003.42,-71.78,57.86,0.12,0.37,0.06,0,0,0,0,0
452557594,99805,29.76,0.25,-30.73,84.77,-43.04,-1004.88,-60.79,65.19,0.61,0.31,0,0,0,0,0,0
452567642,99805,29.76,0.25,-30.74,84.77,-43.05,-1009.28,-66.65,69.58,0.31,0.06,-0.06,0,0,0,0,0
452577686,99805,29.76,0.25,-30.73,84.77,-43.04,-1004.88,-61.52,68.12,0.06,-0.12,0,0,0,0,0,0
452587734,99805,29.76,0.25,-30.72,84.77,-43.02,-1006.35,-60.79,64.45,0.06,-0.18,0.06,0,0,0,0,0
452598663,99805,29.76,0.25,-30.71,84.77,-43.02,-1006.35,-61.52,57.86,0.18,-0.12,0.12,0,0,0,0,0
452608702,99805,29.76,0.25,-30.73,84.77,-43.03,-1006.35,-69.58,64.45,0.06,0,0.12,0,0,0,0,0
452618843,99805,29.76,0.25,-30.73,84.77,-43.04,-1005.62,-72.51,66.65,-0.12,-0.12,0.12,0,0,0,0,0
452628865,99805,29.76,0.25,-30.76,84.77,-43.06,-1004.15,-71.78,62.99,0.12,0.06,0.12,0,0,0,0,0
452638884,99805,29.76,0.25,-30.77,84.77,-43.07,-1007.08,-65.19,64.45,0.31,0,0,0,0,0,0,0
452649780,99805,29.76,0.25,-30.76,84.77,-43.06,-1008.54,-65.92,64.45,0.24,-0.24,0,0,0,0,0,0
452659825,99805,29.76,0.25,-30.74,84.77,-43.03,-1004.15,-59.33,68.85,0.12,-0.31,-0.06,0,0,0,0,0
452669850,99805,29.76,0.25,-30.7,84.77,-43,-1004.88,-56.4,68.85,0.18,-0.24,0,0,0,0,0,0
452679988,99805,29.76,0.25,-30.67,84.77,-42.97,-1007.08,-54.2,71.04,0.06,-0.06,0,0,0,0,0,0
452690010,99805,29.76,0.25,-30.67,84.77,-42.96,-1003.42,-60.06,68.12,-0.12,0,0,0,0,0,0,0
452700901,99807,29.76,0.08,-30.64,84.77,-42.94,-1006.35,-65.92,69.58,-0.06,-0.31,0.06,0,0,0,0,0
452710941,99807,29.76,0.08,-30.62,84.77,-42.92,-1004.88,-68.12,68.85,-0.12,-0.24,0.12,0,0,0,0,0
452720965,99807,29.76,0.08,-30.62,84.77,-42.92,-1007.81,-73.24,70.31,-0.18,-0.18,0.12,0,0,0,0,0
452730984,99807,29.76,0.08,-30.6,84.77,-42.9,-1001.22,-61.52,67.38,0,-0.12,0.06,0,0,0,0,0
452741014,99807,29.76,0.08,-30.56,84.76,-42.86,-1002.69,-62.26,79.1,0.18,-0.24,0,0,0,0,0,0
452752043,99805,29.76,0.25,-30.53,84.76,-42.83,-1007.81,-57.86,74.71,0.31,-0.12,-0.12,0,0,0,0,0
452762077,99805,29.76,0.25,-30.47,84.76,-42.77,-1003.42,-52,88.62,0.06,-0.06,-0.12,0,0,0,0,0
452772096,99805,29.76,0.25,-30.47,84.76,-42.76,-1008.54,-59.33,68.85,-0.06,-0.12,-0.12,0,0,0,0,0
452782236,99805,29.76,0.25,-30.45,84.75,-42.75,-1007.81,-61.52,73.97,-0.12,-0.24,-0.24,0,0,0,0,0
452792258,99805,29.76,0.25,-30.45,84.75,-42.74,-1005.62,-62.99,77.64,-0.06,-0.12,-0.24,0,0,0,0,0
452803157,99805,29.76,0.25,-30.46,84.75,-42.75,-1004.88,-70.31,79.83,0.06,0.06,-0.18,0,0,0,0,0
452813190,99805,29.76,0.25,-30.45,84.74,-42.75,-1003.42,-67.38,81.3,-0.06,0,-0.12,0,0,0,0,0
452823334,99805,29.76,0.25,-30.48,84.74,-42.78,-1007.81,-71.78,69.58,-0.24,0,-0.18,0,0,0,0,0
452833363,99805,29.76,0.25,-30.48,84.74,-42.78,-1005.62,-57.86,78.37,-0.06,0.12,-0.24,0,0,0,0,0
452843397,99805,29.76,0.25,-30.5,84.74,-42.8,-1003.42,-57.86,74.71,0.24,0.37,-0.24,0,0,0,0,0
452854301,99807,29.76,0.08,-30.53,84.74,-42.82,-1006.35,-58.59,79.1,0.18,0.43,-0.31,0,0,0,0,0
452864334,99807,29.76,0.08,-30.57,84.74,-42.87,-1004.88,-65.92,78.37,0,0.37,-0.43,0,0,0,0,0
452874360,99807,29.76,0.08,-30.61,84.74,-42.91,-1005.62,-62.99,73.24,-0.24,0.31,-0.37,0,0,0,0,0
452884382,99807,29.76,0.08,-30.65,84.74,-42.94,-1006.35,-67.38,72.51,-0.18,0.18,-0.24,0,0,0,0,0
452894413,99807,29.76,0.08,-30.69,84.74,-42.98,-1001.22,-69.58,64.45,0.06,0.12,-0.12,0,0,0,0,0
452905437,99805,29.76,0.25,-30.75,84.74,-43.04,-1004.15,-76.17,68.85,0.06,0.31,-0.06,0,0,0,0,0
452915473,99805,29.76,0.25,-30.82,84.74,-43.12,-1007.08,-75.44,61.52,0,0.37,-0.06,0,0,0,0,0
452925494,99805,29.76,0.25,-30.87,84.74,-43.17,-1004.88,-61.52,65.19,0.24,0.49,-0.18,0,0,0,0,0
452935529,99805,29.76,0.25,-30.91,84.74,-43.2,-1008.54,-62.99,71.04,0.43,0.37,-0.24,0,0,0,0,0
452945666,99805,29.76,0.25,-30.95,84.74,-43.24,-997.56,-62.99,57.13,0.24,0.06,-0.18,0,0,0,0,0
452956580,99805,29.76,0.25,-30.96,84.75,-43.25,-1005.62,-63.72,67.38,-0.12,0.06,-0.06,0,0,0,0,0
452966622,99805,29.76,0.25,-31,84.75,-43.29,-1006.35,-63.72,60.79,-0.06,0.06,-0.18,0,0,0,0,0
452976671,99805,29.76,0.25,-31,84.75,-43.29,-1008.54,-59.33,65.19,-0.06,0,-0.12,0,0,0,0,0
452986709,99805,29.76,0.25,-31.04,84.75,-43.32,-1007.81,-73.24,67.38,-0.06,0.06,-0.06,0,0,0,0,0
452996765,99805,29.76,0.25,-31.09,84.75,-43.38,-1002.69,-75.44,57.13,-0.12,0.06,0,0,0,0,0,0
453007697,99805,29.76,0.25,-31.09,84.75,-43.38,-1008.54,-68.12,64.45,0,-0.18,0,0,0,0,0,0
453017736,99805,29.76,0.25,-31.09,84.75,-43.38,-1008.54,-66.65,68.12,0.24,-0.12,0,0,0,0,0,0
453027781,99805,29.76,0.25,-31.06,84.75,-43.35,-1002.69,-57.13,74.71,0.31,-0.06,-0.06,0,0,0,0,0
453037823,99805,29.76,0.25,-31.05,84.75,-43.34,-1001.95,-62.26,65.92,0.18,-0.18,-0.06,0,0,0,0,0
453047863,99805,29.76,0.25,-31.04,84.74,-43.32,-1004.88,-62.99,65.92,-0.06,-0.24,0,0,0,0,0,0
453058795,99805,29.76,0.25,-31.01,84.74,-43.3,-1006.35,-60.06,71.04,-0.12,-0.24,-0.12,0,0,0,0,0
453068839,99805,29.76,0.25,-30.99,84.74,-43.28,-1003.42,-65.92,71.78,0.12,-0.31,-0.06,0,0,0,0,0
453078884,99805,29.76,0.25,-30.99,84.74,-43.27,-1006.35,-67.38,68.85,0.12,-0.06,0.06,0,0,0,0,0
453088919,99805,29.76,0.25,-30.98,84.73,-43.27,-1007.08,-77.64,74.71,0,-0.18,0.12,0,0,0,0,0
453098967,99805,29.76,0.25,-30.94,84.73,-43.23,-1003.42,-65.92,68.12,0,-0.55,0.06,0,0,0,0,0
453109898,99807,29.76,0.08,-30.89,84.73,-43.17,-1005.62,-62.26,71.04,0.06,-0.49,0.06,0,0,0,0,0
453119943,99807,29.76,0.08,-30.83,84.73,-43.11,-1004.15,-55.66,78.37,0.24,-0.24,0.12,0,0,0,0,0
453129990,99807,29.76,0.08,-30.8,84.73,-43.08,-1007.81,-61.52,73.24,0.24,-0.12,0.06,0,0,0,0,0
453140110,99807,29.76,0.08,-30.76,84.72,-43.04,-1003.42,-61.52,83.5,0.06,0,0,0,0,0,0,0
453150157,99807,29.76,0.08,-30.75,84.72,-43.03,-1003.42,-65.92,76.9,0.06,0,0,0,0,0,0,0
453160972,99807,29.76,0.08,-30.74,84.72,-43.02,-1007.08,-64.45,77.64,0.31,0.06,-0.06,0,0,0,0,0
453171008,99807,29.76,0.08,-30.72,84.72,-43,-1003.42,-66.65,79.1,-0.12,-0.12,-0.06,0,0,0,0,0
453181052,99807,29.76,0.08,-30.73,84.71,-43.01,-1004.88,-73.97,71.78,-0.18,-0.18,-0.06,0,0,0,0,0
453191094,99807,29.76,0.08,-30.75,84.71,-43.03,-1007.08,-68.85,68.12,0.06,0.12,0,0,0,0,0,0
453201143,99807,29.76,0.08,-30.74,84.72,-43.01,-1002.69,-64.45,78.37,0.43,0.24,0.18,0,0,0,0,0
453212071,99808,29.76,0,-30.72,84.72,-42.99,-1003.42,-58.59,73.24,0.24,0.18,0.06,0,0,0,0,0
453222110,99808,29.76,0,-30.74,84.72,-43.01,-1004.88,-66.65,68.12,-0.18,0,-0.06,0,0,0,0,0
453232158,99808,29.76,0,-30.74,84.72,-43.01,-1008.54,-64.45,73.24,-0.06,0.06,-0.06,0,0,0,0,0
453242199,99808,29.76,0,-30.74,84.72,-43.01,-1004.15,-65.19,71.78,0.31,0.06,0,0,0,0,0,0
453252244,99808,29.76,0,-30.73,84.72,-42.99,-1006.35,-59.33,71.78,0.37,0.06,0,0,0,0,0,0
453263185,99809,29.76,-0.08,-30.74,84.72,-43,-1007.08,-66.65,69.58,0.12,0.06,0,0,0,0,0,0
453273228,99809,29.76,-0.08,-30.76,84.72,-43.02,-1004.88,-68.12,68.12,0,0.06,0,0,0,0,0,0
453283281,99809,29.76,-0.08,-30.77,84.72,-43.04,-1006.35,-61.52,64.45,0.06,0.06,-0.12,0,0,0,0,0
453293326,99809,29.76,-0.08,-30.78,84.72,-43.04,-1004.88,-59.33,68.85,0.12,0,-0.18,0,0,0,0,0
453303380,99809,29.76,-0.08,-30.8,84.73,-43.06,-1007.08,-56.4,62.26,0.18,0.18,-0.18,0,0,0,0,0
453314316,99808,29.77,0,-30.83,84.73,-43.09,-1007.08,-63.72,62.26,0,0.12,-0.06,0,0,0,0,0
453324364,99808,29.77,0,-30.83,84.73,-43.09,-1003.42,-67.38,72.51,0,0,0,0,0,0,0,0
453334414,99808,29.77,0,-30.84,84.73,-43.1,-1007.81,-58.59,60.06,0.18,0,-0.06,0,0,0,0,0
453344462,99808,29.77,0,-30.85,84.73,-43.11,-1002.69,-60.79,64.45,0.12,0,-0.12,0,0,0,0,0
453354511,99808,29.77,0,-30.87,84.73,-43.13,-1006.35,-68.85,64.45,-0.06,-0.06,-0.06,0,0,0,0,0
453365444,99808,29.76,0,-30.9,84.73,-43.16,-1004.15,-66.65,60.79,-0.06,0,-0.06,0,0,0,0,0
453375489,99808,29.76,0,-30.91,84.73,-43.17,-1005.62,-60.79,69.58,0.24,0.06,-0.18,0,0,0,0,0
453385541,99808,29.76,0,-30.93,84.73,-43.18,-1006.35,-61.52,65.92,0.49,0.06,-0.18,0,0,0,0,0
453395590,99808,29.76,0,-30.94,84.73,-43.18,-1006.35,-66.65,70.31,0.12,-0.06,-0.06,0,0,0,0,0
453405639,99808,29.76,0,-30.93,84.73,-43.18,-1007.81,-66.65,71.78,-0.18,-0.12,-0.06,0,0,0,0,0
453416576,99809,29.77,-0.08,-30.95,84.73,-43.2,-1007.81,-66.65,65.92,0.06,0,-0.12,0,0,0,0,0
453426622,99809,29.77,-0.08,-30.96,84.73,-43.21,-1007.81,-62.99,67.38,0.24,-0.06,-0.18,0,0,0,0,0
453436665,99809,29.77,-0.08,-30.98,84.72,-43.23,-999.76,-71.04,71.04,0.12,-0.12,-0.18,0,0,0,0,0
453446719,99809,29.77,-0.08,-30.99,84.72,-43.24,-1001.22,-68.12,67.38,-0.18,-0.18,-0.18,0,0,0,0,0
453456768,99809,29.77,-0.08,-30.98,84.72,-43.23,-1007.81,-67.38,76.9,-0.06,-0.18,-0.18,0,0,0,0,0
453467705,99811,29.77,-0.25,-30.97,84.71,-43.21,-1003.42,-62.99,73.24,0.24,-0.18,-0.12,0,0,0,0,0
453477754,99811,29.77,-0.25,-30.95,84.72,-43.19,-1006.35,-61.52,70.31,0.12,-0.06,0.06,0,0,0,0,0
453487806,99811,29.77,-0.25,-30.94,84.71,-43.18,-1007.08,-66.65,76.9,-0.06,0,0,0,0,0,0,0
453497855,99811,29.77,-0.25,-30.96,84.71,-43.2,-1004.15,-69.58,68.12,0,-0.06,-0.18,0,0,0,0,0
453507893,99811,29.77,-0.25,-30.97,84.71,-43.21,-1001.95,-65.92,74.71,0.18,0.06,-0.18,0,0,0,0,0
453518786,99809,29.77,-0.08,-30.96,84.71,-43.2,-1006.35,-65.19,76.9,0.24,0.12,0.06,0,0,0,0,0
453528838,99809,29.77,-0.08,-30.97,84.71,-43.21,-1004.88,-74.71,71.04,0,0.06,0.12,0,0,0,0,0
453538872,99809,29.77,-0.08,-30.98,84.71,-43.22,-1006.35,-69.58,70.31,-0.18,0.12,0.18,0,0,0,0,0
453548922,99809,29.77,-0.08,-30.98,84.71,-43.22,-1002.69,-68.85,71.78,-0.06,0,0.06,0,0,0,0,0
453558968,99809,29.77,-0.08,-30.95,84.71,-43.19,-1003.42,-62.26,75.44,0.31,-0.18,-0.12,0,0,0,0,0
453569911,99809,29.77,-0.08,-30.95,84.7,-43.19,-1005.62,-68.85,73.97,0.12,-0.12,-0.06,0,0,0,0,0
453579955,99809,29.77,-0.08,-30.94,84.7,-43.18,-1004.15,-70.31,80.57,-0.12,0.12,0.12,0,0,0,0,0
453590000,99809,29.77,-0.08,-30.96,84.7,-43.2,-1004.88,-69.58,68.12,-0.18,0.06,0,0,0,0,0,0
453600036,99809,29.77,-0.08,-30.96,84.7,-43.2,-1007.81,-63.72,71.78,0.18,0.06,-0.06,0,0,0,0,0
453610081,99809,29.77,-0.08,-30.95,84.7,-43.19,-1004.15,-65.19,71.78,0.37,0.18,0.18,0,0,0,0,0
453621013,99809,29.77,-0.08,-30.99,84.71,-43.22,-1004.88,-71.04,68.85,0.06,0.37,0.12,0,0,0,0,0
453631058,99809,29.77,-0.08,-31,84.71,-43.24,-1004.88,-68.85,70.31,0.12,0.18,0.06,0,0,0,0,0
453641095,99809,29.77,-0.08,-30.99,84.71,-43.22,-1004.15,-60.79,71.04,0.24,0.12,0.18,0,0,0,0,0
453651140,99809,29.77,-0.08,-30.97,84.72,-43.2,-1006.35,-55.66,70.31,0.37,0.24,0.18,0,0,0,0,0
453661192,99809,29.77,-0.08,-30.96,84.72,-43.18,-1004.15,-65.19,73.97,0.06,-0.06,0,0,0,0,0,0
453672130,99811,29.77,-0.25,-30.95,84.72,-43.18,-1006.35,-65.19,66.65,-0.18,-0.12,0,0,0,0,0,0
453682174,99811,29.77,-0.25,-30.94,84.72,-43.17,-1007.81,-62.99,66.65,-0.06,0,0.24,0,0,0,0,0
453692222,99811,29.77,-0.25,-30.92,84.72,-43.15,-1004.88,-60.06,66.65,0.24,0.18,0.31,0,0,0,0,0
453702272,99811,29.77,-0.25,-30.92,84.73,-43.15,-1003.42,-62.99,68.12,0.18,0.18,0.12,0,0,0,0,0
453712326,99811,29.77,-0.25,-30.94,84.72,-43.17,-1005.62,-70.31,66.65,-0.12,-0.12,-0.06,0,0,0,0,0
453723260,99809,29.77,-0.08,-30.94,84.73,-43.17,-1001.95,-62.99,62.99,-0.12,-0.12,0,0,0,0,0,0
453733299,99809,29.77,-0.08,-30.92,84.73,-43.14,-1007.81,-52.73,64.45,0.18,0.12,0.18,0,0,0,0,0
453743341,99809,29.77,-0.08,-30.89,84.74,-43.12,-1007.81,-57.86,68.12,0.18,0.06,0.24,0,0,0,0,0
453753388,99809,29.77,-0.08,-30.87,84.74,-43.09,-1004.15,-59.33,69.58,0.06,-0.06,0.06,0,0,0,0,0
453763434,99809,29.77,-0.08,-30.88,84.74,-43.1,-1004.15,-66.65,68.85,-0.24,-0.12,-0.12,0,0,0,0,0
453774372,99811,29.77,-0.25,-30.89,84.74,-43.12,-1006.35,-62.26,56.4,-0.18,-0.18,-0.06,0,0,0,0,0
453784412,99811,29.77,-0.25,-30.88,84.74,-43.11,-1004.88,-60.06,67.38,0.06,-0.12,-0.06,0,0,0,0,0
453794463,99811,29.77,-0.25,-30.86,84.74,-43.09,-1003.42,-66.65,76.17,0.06,-0.06,0.06,0,0,0,0,0
453804504,99811,29.77,-0.25,-30.85,84.74,-43.08,-1001.22,-65.19,69.58,0.06,-0.06,0.12,0,0,0,0,0
453814557,99811,29.77,-0.25,-30.83,84.74,-43.06,-1003.42,-61.52,69.58,0.06,-0.06,0.06,0,0,0,0,0
453825501,99811,29.77,-0.25,-30.81,84.74,-43.04,-1005.62,-57.13,68.85,0.06,0,0.06,0,0,0,0,0
453835565,99811,29.77,-0.25,-30.79,84.74,-43.01,-1006.35,-58.59,71.78,0.18,-0.06,0,0,0,0,0,0
453845604,99811,29.77,-0.25,-30.76,84.73,-42.98,-1006.35,-66.65,79.1,-0.12,-0.31,-0.06,0,0,0,0,0
453855648,99811,29.77,-0.25,-30.74,84.73,-42.97,-1005.62,-68.85,73.24,-0.24,-0.24,0,0,0,0,0,0
453865694,99811,29.77,-0.25,-30.76,84.73,-42.99,-1004.15,-70.31,69.58,-0.24,0.12,0,0,0,0,0,0
453876626,99811,29.77,-0.25,-30.79,84.73,-43.02,-1007.81,-65.19,71.04,0.12,0.18,-0.18,0,0,0,0,0
453886674,99811,29.77,-0.25,-30.79,84.73,-43.02,-1004.88,-65.92,76.17,0.31,0,-0.12,0,0,0,0,0
453896730,99811,29.77,-0.25,-30.76,84.72,-42.99,-1004.88,-63.72,79.1,0.24,-0.18,-0.06,0,0,0,0,0
453906770,99811,29.77,-0.25,-30.74,84.72,-42.96,-1002.69,-61.52,73.24,0,-0.18,-0.06,0,0,0,0,0
453916820,99811,29.77,-0.25,-30.75,84.72,-42.97,-1003.42,-67.38,72.51,-0.06,0.06,0,0,0,0,0,0
453927752,99811,29.77,-0.25,-30.74,84.72,-42.96,-1004.15,-61.52,75.44,0,0,-0.12,0,0,0,0,0
453937801,99811,29.77,-0.25,-30.72,84.72,-42.95,-1001.95,-63.72,77.64,0.06,-0.12,-0.18,0,0,0,0,0
453947848,99811,29.77,-0.25,-30.74,84.72,-42.96,-1007.81,-71.04,73.24,0.06,0,-0.06,0,0,0,0,0
453957888,99811,29.77,-0.25,-30.76,84.71,-42.98,-1001.22,-71.78,73.24,-0.06,0.18,0,0,0,0,0,0
453967936,99811,29.77,-0.25,-30.79,84.71,-43.02,-1003.42,-71.78,66.65,0,0,-0.18,0,0,0,0,0
453978864,99814,29.77,-0.5,-30.82,84.71,-43.04,-1004.88,-68.12,69.58,0.12,0,-0.18,0,0,0,0,0
453988910,99814,29.77,-0.5,-30.81,84.71,-43.03,-1007.08,-62.26,73.24,0.12,0.12,0.06,0,0,0,0,0
453998955,99814,29.77,-0.5,-30.83,84.71,-43.05,-1007.81,-66.65,64.45,0.12,0.06,0,0,0,0,0,0
454009002,99814,29.77,-0.5,-30.84,84.71,-43.06,-1003.42,-64.45,65.19,0.12,-0.06,-0.06,0,0,0,0,0
454019050,99814,29.77,-0.5,-30.85,84.71,-43.06,-1005.62,-65.92,70.31,0.24,0.06,-0.06,0,0,0,0,0
454029977,99811,29.77,-0.25,-30.89,84.71,-43.1,-1002.69,-67.38,73.24,0.31,0.31,-0.18,0,0,0,0,0
454040024,99811,29.77,-0.25,-30.93,84.71,-43.14,-1001.95,-73.24,68.12,0.12,0.24,-0.06,0,0,0,0,0
454050068,99811,29.77,-0.25,-30.97,84.71,-43.18,-1007.81,-73.97,62.99,-0.06,0.12,0.06,0,0,0,0,0
454060111,99811,29.77,-0.25,-31,84.72,-43.2,-1003.42,-65.92,60.06,0.18,0.18,0.12,0,0,0,0,0
454070158,99811,29.77,-0.25,-31.01,84.72,-43.22,-1006.35,-62.99,63.72,0.18,0.06,0,0,0,0,0,0
454081088,99811,29.77,-0.25,-31.01,84.72,-43.22,-1003.42,-63.72,64.45,0.18,-0.06,0,0,0,0,0,0
454091122,99811,29.77,-0.25,-31,84.72,-43.21,-1006.35,-68.12,67.38,0.12,-0.06,0.18,0,0,0,0,0
454101169,99811,29.77,-0.25,-30.99,84.72,-43.2,-1004.15,-65.19,70.31,0.18,0.06,0.18,0,0,0,0,0
454111211,99811,29.77,-0.25,-31.01,84.73,-43.21,-1004.88,-63.72,64.45,0.24,0,-0.06,0,0,0,0,0
454121255,99811,29.77,-0.25,-31.02,84.72,-43.21,-1007.08,-68.12,68.85,0.18,-0.06,-0.06,0,0,0,0,0
454132184,99814,29.77,-0.5,-31.02,84.73,-43.21,-1003.42,-65.92,61.52,0,0,0.24,0,0,0,0,0
454142222,99814,29.77,-0.5,-30.99,84.73,-43.19,-1005.62,-67.38,70.31,-0.12,-0.12,0.31,0,0,0,0,0
454152264,99814,29.77,-0.5,-30.93,84.73,-43.14,-1004.15,-61.52,73.97,-0.12,-0.37,0.12,0,0,0,0,0
454162303,99814,29.77,-0.5,-30.9,84.73,-43.1,-1007.08,-64.45,71.04,0.12,-0.31,0.06,0,0,0,0,0
454172358,99814,29.77,-0.5,-30.89,84.73,-43.09,-1007.08,-64.45,68.12,0.06,-0.12,0.12,0,0,0,0,0
454183289,99811,29.77,-0.25,-30.86,84.73,-43.06,-1004.88,-60.06,69.58,0,-0.12,0.12,0,0,0,0,0
454193340,99811,29.77,-0.25,-30.85,84.73,-43.05,-1002.69,-67.38,65.92,0.12,-0.18,0.12,0,0,0,0,0
454203384,99811,29.77,-0.25,-30.8,84.73,-43,-1004.88,-59.33,76.9,0.18,-0.18,0.06,0,0,0,0,0
454213432,99811,29.77,-0.25,-30.8,84.72,-42.99,-1009.28,-67.38,74.71,0.12,-0.18,-0.12,0,0,0,0,0
454223490,99811,29.77,-0.25,-30.78,84.72,-42.97,-1002.69,-62.99,73.97,0.06,-0.24,-0.18,0,0,0,0,0
454234427,99811,29.77,-0.25,-30.76,84.72,-42.96,-1004.15,-60.79,73.97,0,-0.12,-0.12,0,0,0,0,0
454244473,99811,29.77,-0.25,-30.75,84.71,-42.94,-1007.08,-62.99,74.71,0,-0.06,-0.06,0,0,0,0,0
454254522,99811,29.77,-0.25,-30.74,84.71,-42.93,-1004.88,-60.79,72.51,0.06,-0.12,-0.12,0,0,0,0,0
454264571,99811,29.77,-0.25,-30.71,84.71,-42.91,-1001.95,-62.99,79.83,0.12,-0.06,-0.06,0,0,0,0,0
454274628,99811,29.77,-0.25,-30.69,84.71,-42.88,-1005.62,-66.65,78.37,0.12,-0.18,-0.06,0,0,0,0,0
454285569,99812,29.77,-0.34,-30.66,84.7,-42.85,-1007.08,-62.26,77.64,0.12,-0.18,-0.06,0,0,0,0,0
454295614,99812,29.77,-0.34,-30.66,84.7,-42.85,-1002.69,-65.92,73.24,0,-0.06,-0.12,0,0,0,0,0
454305669,99812,29.77,-0.34,-30.68,84.7,-42.87,-1008.54,-65.92,72.51,0.18,0.06,-0.24,0,0,0,0,0
454315705,99812,29.77,-0.34,-30.7,84.7,-42.88,-1001.95,-63.72,79.83,0.31,0.31,-0.18,0,0,0,0,0
454325752,99812,29.77,-0.34,-30.73,84.7,-42.91,-1001.95,-67.38,71.78,0.24,0.24,-0.18,0,0,0,0,0
454336690,99811,29.77,-0.25,-30.72,84.7,-42.9,-1002.69,-67.38,79.1,0.37,0.12,0.06,0,0,0,0,0
454346742,99811,29.77,-0.25,-30.71,84.7,-42.88,-1004.88,-61.52,76.9,0.24,0.18,0.12,0,0,0,0,0
454356789,99811,29.77,-0.25,-30.74,84.7,-42.92,-1008.54,-66.65,66.65,0.12,0.37,0,0,0,0,0,0
454366829,99811,29.77,-0.25,-30.77,84.7,-42.94,-1002.69,-65.19,70.31,0,0.31,-0.06,0,0,0,0,0
454376870,99811,29.77,-0.25,-30.81,84.71,-42.98,-1007.81,-65.92,66.65,0.06,0.37,0,0,0,0,0,0
454387803,99815,29.77,-0.5,-30.84,84.71,-43.01,-1003.42,-68.85,73.24,0.18,0.49,0.06,0,0,0,0,0
454397860,99815,29.77,-0.5,-30.89,84.71,-43.06,-1007.08,-66.65,68.12,0.18,0.43,-0.12,0,0,0,0,0
454407901,99815,29.77,-0.5,-30.93,84.72,-43.09,-1003.42,-65.19,68.85,0.18,0.31,-0.12,0,0,0,0,0
454417948,99815,29.77,-0.5,-30.98,84.72,-43.14,-1006.35,-67.38,65.19,0.18,0.37,-0.12,0,0,0,0,0
454428002,99815,29.77,-0.5,-31.01,84.72,-43.17,-1003.42,-62.99,65.19,0.06,0.24,-0.12,0,0,0,0,0
454438934,99814,29.78,-0.5,-31.05,84.72,-43.22,-1005.62,-69.58,65.92,0,0.12,-0.18,0,0,0,0,0
454448978,99814,29.78,-0.5,-31.07,84.72,-43.24,-1006.35,-63.72,65.19,0,0,-0.18,0,0,0,0,0
454459010,99814,29.78,-0.5,-31.09,84.72,-43.26,-1003.42,-66.65,66.65,0,-0.06,-0.18,0,0,0,0,0
454469051,99814,29.78,-0.5,-31.11,84.72,-43.28,-1001.95,-62.99,60.79,0.06,0.06,0,0,0,0,0,0
454479093,99814,29.78,-0.5,-31.13,84.72,-43.29,-1007.08,-67.38,68.12,0.12,0.06,-0.06,0,0,0,0,0
454490017,99815,29.78,-0.59,-31.14,84.72,-43.3,-1006.35,-68.85,63.72,0.06,-0.12,0,0,0,0,0,0
454500053,99815,29.78,-0.59,-31.15,84.72,-43.31,-1004.15,-66.65,62.99,0.24,-0.06,0.06,0,0,0,0,0
454510096,99815,29.78,-0.59,-31.16,84.72,-43.32,-1004.88,-66.65,62.26,0.12,0,0.06,0,0,0,0,0
454520133,99815,29.78,-0.59,-31.19,84.73,-43.35,-1007.08,-68.85,65.92,0,0.12,0,0,0,0,0,0
454530168,99815,29.78,-0.59,-31.2,84.73,-43.36,-1004.15,-70.31,66.65,0,0.06,0.12,0,0,0,0,0
454541139,99816,29.77,-0.67,-31.19,84.73,-43.35,-1002.69,-64.45,69.58,-0.06,-0.06,0.06,0,0,0,0,0
454551182,99816,29.77,-0.67,-31.2,84.73,-43.36,-1005.62,-66.65,62.26,-0.12,-0.18,-0.06,0,0,0,0,0
454561231,99816,29.77,-0.67,-31.19,84.72,-43.35,-1004.88,-66.65,68.12,-0.06,-0.37,-0.12,0,0,0,0,0
454571285,99816,29.77,-0.67,-31.2,84.72,-43.36,-1007.08,-70.31,65.19,0.24,-0.18,-0.12,0,0,0,0,0
454581336,99816,29.77,-0.67,-31.21,84.72,-43.36,-1009.28,-62.99,68.12,0.24,-0.06,-0.12,0,0,0,0,0
454592268,99816,29.77,-0.67,-31.2,84.72,-43.35,-1001.95,-64.45,74.71,0,-0.06,-0.12,0,0,0,0,0
454602309,99816,29.77,-0.67,-31.2,84.72,-43.36,-1003.42,-70.31,71.78,0.06,-0.06,0,0,0,0,0,0
454612355,99816,29.77,-0.67,-31.18,84.72,-43.34,-1007.08,-65.19,72.51,0,-0.06,0.06,0,0,0,0,0
454622398,99816,29.77,-0.67,-31.15,84.72,-43.3,-1007.08,-61.52,71.78,0.12,-0.18,0.12,0,0,0,0,0
454632449,99816,29.77,-0.67,-31.12,84.71,-43.27,-1007.08,-65.19,73.24,-0.06,-0.18,0.12,0,0,0,0,0
454643381,99815,29.77,-0.59,-31.11,84.71,-43.26,-1004.15,-66.65,72.51,0,-0.06,0.06,0,0,0,0,0
454653427,99815,29.77,-0.59,-31.07,84.71,-43.23,-1003.42,-68.85,76.17,0.12,-0.31,0.06,0,0,0,0,0
454663472,99815,29.77,-0.59,-31.03,84.71,-43.18,-1002.69,-62.99,78.37,0.18,-0.24,0.06,0,0,0,0,0
454673518,99815,29.77,-0.59,-31.01,84.71,-43.16,-1006.35,-64.45,78.37,0.18,0,0.06,0,0,0,0,0
454683561,99815,29.77,-0.59,-30.99,84.7,-43.14,-1005.62,-62.99,77.64,0.18,0.06,0,0,0,0,0,0
454694498,99811,29.77,-0.25,-30.98,84.71,-43.13,-1004.88,-62.99,73.24,0.12,0.06,0,0,0,0,0,0
454704543,99811,29.77,-0.25,-30.95,84.7,-43.1,-1003.42,-65.19,77.64,0.12,-0.06,0.12,0,0,0,0,0
454714590,99811,29.77,-0.25,-30.91,84.7,-43.06,-1002.69,-62.26,79.1,0.18,0,0.18,0,0,0,0,0
454724636,99811,29.77,-0.25,-30.9,84.7,-43.04,-1005.62,-64.45,70.31,0.06,-0.06,0.12,0,0,0,0,0
454734691,99811,29.77,-0.25,-30.9,84.7,-43.04,-1006.35,-69.58,71.78,0,0,0.06,0,0,0,0,0
454745620,99812,29.77,-0.34,-30.91,84.7,-43.05,-1003.42,-63.72,71.78,-0.06,0.12,-0.06,0,0,0,0,0
454755668,99812,29.77,-0.34,-30.91,84.7,-43.05,-1004.15,-60.06,73.97,0.12,0.12,-0.12,0,0,0,0,0
454765713,99812,29.77,-0.34,-30.9,84.7,-43.05,-1005.62,-65.19,71.78,0.06,0,0,0,0,0,0,0
454775756,99812,29.77,-0.34,-30.92,84.71,-43.06,-1008.54,-65.92,71.04,-0.06,0.18,0,0,0,0,0,0
454785798,99812,29.77,-0.34,-30.95,84.71,-43.09,-1001.95,-62.26,65.19,0,0.37,0,0,0,0,0,0
454796724,99812,29.77,-0.34,-30.98,84.72,-43.12,-1008.54,-60.79,65.92,0.18,0.37,0,0,0,0,0,0
454806766,99812,29.77,-0.34,-31.01,84.72,-43.15,-1008.54,-67.38,67.38,0.18,0.18,-0.12,0,0,0,0,0
454816809,99812,29.77,-0.34,-31.06,84.72,-43.2,-1006.35,-69.58,64.45,-0.12,0.18,-0.24,0,0,0,0,0
454826843,99812,29.77,-0.34,-31.1,84.72,-43.24,-1005.62,-68.12,68.12,-0.24,0.12,-0.18,0,0,0,0,0
454836894,99812,29.77,-0.34,-31.12,84.72,-43.26,-1009.28,-62.99,63.72,0.06,0,-0.24,0,0,0,0,0
454847817,99811,29.77,-0.25,-31.14,84.72,-43.28,-1003.42,-63.72,63.72,0.18,-0.06,-0.12,0,0,0,0,0
454857857,99811,29.77,-0.25,-31.16,84.71,-43.29,-1007.81,-69.58,70.31,0.12,0.06,-0.06,0,0,0,0,0
454867892,99811,29.77,-0.25,-31.17,84.72,-43.31,-1007.08,-64.45,63.72,0.12,0.12,0,0,0,0,0,0
454877937,99811,29.77,-0.25,-31.19,84.72,-43.33,-1007.08,-65.19,68.12,0.18,0.18,0,0,0,0,0,0
454887978,99811,29.77,-0.25,-31.21,84.72,-43.35,-1002.69,-61.52,60.06,0.06,0,-0.12,0,0,0,0,0
454898911,99811,29.77,-0.25,-31.24,84.72,-43.37,-1007.08,-68.12,63.72,0,-0.06,-0.12,0,0,0,0,0
454908947,99811,29.77,-0.25,-31.25,84.72,-43.39,-1004.15,-65.92,65.19,0.06,-0.06,-0.12,0,0,0,0,0
454918973,99811,29.77,-0.25,-31.26,84.72,-43.39,-1006.35,-70.31,69.58,-0.06,-0.18,-0.06,0,0,0,0,0
454929106,99811,29.77,-0.25,-31.26,84.72,-43.4,-1007.81,-68.85,67.38,-0.12,-0.12,-0.06,0,0,0,0,0
454939245,99811,29.77,-0.25,-31.29,84.72,-43.43,-1004.15,-69.58,65.92,0,0.06,-0.06,0,0,0,0,0
454950020,99811,29.77,-0.25,-31.32,84.71,-43.45,-1004.88,-72.51,70.31,0.06,0,-0.12,0,0,0,0,0
454960050,99811,29.77,-0.25,-31.34,84.71,-43.48,-1003.42,-69.58,68.85,0.06,0.06,-0.18,0,0,0,0,0
454970070,99811,29.77,-0.25,-31.36,84.71,-43.49,-1008.54,-71.78,72.51,0,-0.06,-0.12,0,0,0,0,0
454980210,99811,29.77,-0.25,-31.35,84.71,-43.48,-1000.49,-67.38,71.78,0.12,-0.24,-0.12,0,0,0,0,0
454990348,99811,29.77,-0.25,-31.35,84.7,-43.48,-1009.28,-74.71,69.58,0.18,-0.18,0.06,0,0,0,0,0
455001120,99812,29.77,-0.34,-31.37,84.7,-43.5,-1005.62,-72.51,66.65,0,0,0.06,0,0,0,0,0
455011146,99812,29.77,-0.34,-31.37,84.7,-43.5,-1006.35,-68.12,71.04,-0.06,-0.06,0,0,0,0,0,0
455021168,99812,29.77,-0.34,-31.36,84.7,-43.49,-1004.15,-72.51,75.44,-0.06,-0.12,0,0,0,0,0,0
455031312,99812,29.77,-0.34,-31.34,84.7,-43.48,-1007.81,-66.65,73.97,-0.06,0,0.12,0,0,0,0,0
455041330,99812,29.77,-0.34,-31.33,84.7,-43.46,-1004.15,-68.12,77.64,0.12,0.06,0.12,0,0,0,0,0
455052226,99814,29.78,-0.5,-31.31,84.7,-43.44,-1006.35,-66.65,73.97,0.12,0,0.18,0,0,0,0,0
455062263,99814,29.78,-0.5,-31.3,84.7,-43.43,-1002.69,-65.92,74.71,0.06,0.18,0.18,0,0,0,0,0
455072292,99814,29.78,-0.5,-31.28,84.7,-43.41,-1004.15,-64.45,71.78,0,0.06,0.12,0,0,0,0,0
455082314,99814,29.78,-0.5,-31.25,84.7,-43.38,-1007.08,-66.65,74.71,0.06,-0.18,0.12,0,0,0,0,0
455092521,99814,29.78,-0.5,-31.22,84.7,-43.35,-1004.15,-63.72,73.97,0.06,-0.06,0.18,0,0,0,0,0
455103343,99814,29.77,-0.5,-31.22,84.7,-43.35,-1002.69,-68.12,68.85,0.06,0.18,0.24,0,0,0,0,0
455113441,99814,29.77,-0.5,-31.22,84.7,-43.35,-1003.42,-67.38,71.78,-0.06,0.24,0.24,0,0,0,0,0
455123515,99814,29.77,-0.5,-31.21,84.71,-43.34,-1004.15,-59.33,68.12,-0.12,0.12,0.12,0,0,0,0,0
455133583,99814,29.77,-0.5,-31.2,84.71,-43.33,-1006.35,-61.52,69.58,0.12,0,0,0,0,0,0,0
455143665,99814,29.77,-0.5,-31.19,84.71,-43.31,-1003.42,-57.86,71.04,0.18,0,0,0,0,0,0,0
455154457,99816,29.77,-0.67,-31.15,84.71,-43.28,-1010.01,-60.06,71.78,0,-0.18,0.06,0,0,0,0,0
455164543,99816,29.77,-0.67,-31.12,84.71,-43.24,-1005.62,-62.99,72.51,-0.06,-0.31,0,0,0,0,0,0
455174612,99816,29.77,-0.67,-31.12,84.71,-43.24,-1003.42,-62.26,66.65,0.06,0,0,0,0,0,0,0
455184674,99816,29.77,-0.67,-31.12,84.71,-43.25,-1005.62,-64.45,68.12,-0.18,0,0,0,0,0,0,0
455194741,99816,29.77,-0.67,-31.13,84.71,-43.26,-1005.62,-67.38,72.51,-0.18,0.06,-0.06,0,0,0,0,0
455205563,99814,29.77,-0.5,-31.13,84.71,-43.26,-1005.62,-64.45,73.24,-0.06,0.06,-0.06,0,0,0,0,0
455215662,99814,29.77,-0.5,-31.13,84.71,-43.26,-1005.62,-59.33,65.19,0.12,0.06,-0.06,0,0,0,0,0
455225726,99814,29.77,-0.5,-31.13,84.71,-43.26,-1004.88,-61.52,71.04,0.24,0.18,0.06,0,0,0,0,0
455235788,99814,29.77,-0.5,-31.14,84.72,-43.27,-1005.62,-60.06,66.65,0.06,0.24,0,0,0,0,0,0
455245850,99814,29.77,-0.5,-31.17,84.72,-43.3,-1007.08,-64.45,62.99,0,0.18,0,0,0,0,0,0
455256641,99812,29.77,-0.34,-31.18,84.72,-43.31,-1006.35,-63.72,65.92,0.06,0.06,0,0,0,0,0,0
455266727,99812,29.77,-0.34,-31.18,84.72,-43.31,-1004.88,-62.99,65.92,0,-0.18,-0.12,0,0,0,0,0
455276793,99812,29.77,-0.34,-31.21,84.72,-43.34,-1007.08,-68.85,65.19,0.06,-0.12,-0.31,0,0,0,0,0
455286857,99812,29.77,-0.34,-31.25,84.72,-43.38,-1006.35,-66.65,65.19,0.06,0.12,-0.24,0,0,0,0,0
455296931,99812,29.77,-0.34,-31.27,84.72,-43.39,-1007.08,-67.38,71.78,0.12,0.06,-0.18,0,0,0,0,0
455307741,99814,29.78,-0.5,-31.27,84.71,-43.4,-1006.35,-65.19,67.38,0.06,-0.24,-0.24,0,0,0,0,0
455317826,99814,29.78,-0.5,-31.27,84.71,-43.39,-1004.88,-60.06,65.92,0.06,-0.18,-0.12,0,0,0,0,0
455327867,99814,29.78,-0.5,-31.29,84.71,-43.41,-1004.88,-68.85,70.31,0,-0.06,-0.24,0,0,0,0,0
455337905,99814,29.78,-0.5,-31.29,84.71,-43.42,-1004.15,-65.92,71.04,-0.18,-0.24,-0.31,0,0,0,0,0
455347948,99814,29.78,-0.5,-31.28,84.7,-43.41,-1005.62,-68.85,73.24,-0.18,-0.24,-0.12,0,0,0,0,0
455358881,99815,29.78,-0.59,-31.28,84.7,-43.41,-1029.79,-70.31,70.31,0,-0.31,-0.12,0,0,0,0,0
455368920,99815,29.78,-0.59,-31.28,84.69,-43.41,-990.23,-72.51,68.12,-0.12,-0.37,-0.12,0,0,0,0,0
455378973,99815,29.78,-0.59,-31.28,84.69,-43.41,-999.76,-76.17,73.97,-0.06,-0.37,-0.12,0,0,0,0,0
455389009,99815,29.78,-0.59,-31.29,84.68,-43.41,-1010.74,-73.24,65.92,0.31,-0.37,-0.12,0,0,0,0,0
455399052,99815,29.78,-0.59,-31.22,84.68,-43.34,-1012.94,-57.86,91.55,0.55,-0.12,0,0,0,0,0,0
455409984,99815,29.78,-0.59,-31.24,84.68,-43.36,-997.56,-75.44,66.65,0.31,0.06,0.12,0,0,0,0,0
455420018,99815,29.78,-0.59,-31.27,84.68,-43.39,-1003.42,-70.31,65.92,-0.18,0.06,-0.06,0,0,0,0,0
455430068,99815,29.78,-0.59,-31.29,84.68,-43.41,-1016.6,-73.97,73.24,0,0.18,0,0,0,0,0,0
455440108,99815,29.78,-0.59,-31.29,84.68,-43.41,-1001.22,-62.99,66.65,0.31,-0.06,0,0,0,0,0,0
455450147,99815,29.78,-0.59,-31.26,84.67,-43.37,-994.63,-67.38,84.23,0.18,-0.12,0,0,0,0,0,0
455461069,99815,29.78,-0.59,-31.26,84.67,-43.37,-1010.01,-79.1,80.57,-0.06,0.06,0.12,0,0,0,0,0
455471115,99815,29.78,-0.59,-31.27,84.67,-43.38,-1001.95,-65.92,65.92,0.31,0.06,0.06,0,0,0,0,0
455481152,99815,29.78,-0.59,-31.25,84.68,-43.35,-1001.22,-54.93,62.26,0.37,-0.12,0.06,0,0,0,0,0
455491191,99815,29.78,-0.59,-31.24,84.67,-43.35,-1004.15,-72.51,76.17,0.06,-0.12,-0.06,0,0,0,0,0
455501226,99815,29.78,-0.59,-31.23,84.67,-43.34,-1007.81,-62.26,77.64,-0.06,0.06,-0.12,0,0,0,0,0
455512163,99815,29.78,-0.59,-31.25,84.67,-43.35,-1003.42,-71.78,79.83,0.24,0.24,0,0,0,0,0,0
455522195,99815,29.78,-0.59,-31.26,84.67,-43.36,-1001.95,-61.52,68.85,0.43,0.24,0,0,0,0,0,0
455532245,99815,29.78,-0.59,-31.32,84.68,-43.42,-1010.01,-74.71,55.66,0.06,0.24,0.06,0,0,0,0,0
455542295,99815,29.78,-0.59,-31.31,84.68,-43.41,-1004.88,-65.92,66.65,-0.24,0.06,0.31,0,0,0,0,0
455552348,99815,29.78,-0.59,-31.32,84.68,-43.42,-1005.62,-74.71,71.04,0.06,0.06,0.18,0,0,0,0,0
455563217,99815,29.78,-0.59,-31.31,84.68,-43.4,-1003.42,-59.33,67.38,0.24,0.18,0.18,0,0,0,0,0
455573270,99815,29.78,-0.59,-31.3,84.69,-43.39,-1007.81,-66.65,73.24,0.12,0.06,0.12,0,0,0,0,0
455583312,99815,29.78,-0.59,-31.31,84.69,-43.41,-1005.62,-65.92,62.26,0.12,0,0,0,0,0,0,0
455593356,99815,29.78,-0.59,-31.34,84.69,-43.44,-1004.88,-64.45,50.54,0,0.06,0.12,0,0,0,0,0
455603400,99815,29.78,-0.59,-31.33,84.69,-43.42,-1004.15,-64.45,69.58,0.12,0,0.18,0,0,0,0,0
455614332,99816,29.78,-0.67,-31.32,84.7,-43.41,-1006.35,-59.33,65.92,0.37,0.12,0.18,0,0,0,0,0
455624386,99816,29.78,-0.67,-31.32,84.7,-43.41,-1003.42,-68.85,73.24,0.18,0.24,0.12,0,0,0,0,0
455634432,99816,29.78,-0.67,-31.32,84.7,-43.42,-1001.95,-66.65,73.24,-0.18,0.18,0.12,0,0,0,0,0
455644474,99816,29.78,-0.67,-31.34,84.71,-43.43,-1006.35,-60.79,54.93,-0.12,0.12,0.18,0,0,0,0,0
455654519,99816,29.78,-0.67,-31.33,84.71,-43.42,-1008.54,-54.2,63.72,0.24,0.18,0.12,0,0,0,0,0
455665450,99815,29.78,-0.59,-31.34,84.72,-43.42,-1007.81,-55.66,65.92,0.18,0.18,-0.06,0,0,0,0,0
455675477,99815,29.78,-0.59,-31.33,84.72,-43.42,-1001.95,-66.65,71.78,0,-0.06,-0.06,0,0,0,0,0
455685512,99815,29.78,-0.59,-31.31,84.71,-43.4,-1007.81,-67.38,80.57,-0.12,-0.12,-0.06,0,0,0,0,0
455695650,99815,29.78,-0.59,-31.28,84.71,-43.37,-1008.54,-57.86,71.04,-0.06,-0.18,0,0,0,0,0,0
455705788,99815,29.78,-0.59,-31.28,84.72,-43.37,-1005.62,-62.99,58.59,-0.18,-0.18,0.06,0,0,0,0,0
455716565,99815,29.78,-0.59,-31.28,84.71,-43.37,-1002.69,-69.58,68.85,-0.12,-0.06,0.06,0,0,0,0,0
455726600,99815,29.78,-0.59,-31.26,84.71,-43.35,-1007.81,-57.86,81.3,0.12,0,-0.24,0,0,0,0,0
455736658,99815,29.78,-0.59,-31.25,84.71,-43.34,-1005.62,-62.99,78.37,0.24,-0.06,-0.31,0,0,0,0,0
455746707,99815,29.78,-0.59,-31.23,84.71,-43.32,-1003.42,-59.33,78.37,0,-0.06,-0.12,0,0,0,0,0
455756757,99815,29.78,-0.59,-31.26,84.71,-43.35,-1006.35,-71.04,63.72,-0.31,0,-0.06,0,0,0,0,0
455767690,99815,29.78,-0.59,-31.28,84.71,-43.37,-1009.28,-64.45,65.19,-0.06,0,-0.12,0,0,0,0,0
455777734,99815,29.78,-0.59,-31.28,84.7,-43.37,-1002.69,-64.45,72.51,0.24,0,-0.18,0,0,0,0,0
455787774,99815,29.78,-0.59,-31.26,84.7,-43.35,-1007.08,-65.92,84.96,0.18,-0.18,-0.31,0,0,0,0,0
455797817,99815,29.78,-0.59,-31.25,84.69,-43.33,-1001.95,-62.26,86.43,-0.06,0,-0.31,0,0,0,0,0
455807860,99815,29.78,-0.59,-31.27,84.69,-43.36,-1006.35,-68.85,79.1,-0.06,0.18,-0.24,0,0,0,0,0
455818792,99815,29.78,-0.59,-31.32,84.69,-43.4,-1004.15,-68.85,66.65,0.12,0.18,-0.24,0,0,0,0,0
455828840,99815,29.78,-0.59,-31.34,84.69,-43.43,-1006.35,-61.52,65.19,0.12,0.18,-0.12,0,0,0,0,0
455838877,99815,29.78,-0.59,-31.35,84.69,-43.44,-1007.08,-70.31,73.97,0.12,0.06,-0.12,0,0,0,0,0
455848915,99815,29.78,-0.59,-31.37,84.69,-43.46,-1001.95,-73.97,84.23,-0.06,0.24,-0.18,0,0,0,0,0
455858965,99815,29.78,-0.59,-31.39,84.68,-43.48,-1003.42,-70.31,79.1,-0.06,0.18,-0.18,0,0,0,0,0
455869883,99815,29.78,-0.59,-31.46,84.69,-43.54,-1007.08,-67.38,63.72,0.18,0.43,-0.18,0,0,0,0,0
455879919,99815,29.78,-0.59,-31.49,84.69,-43.58,-1004.15,-66.65,73.24,0.12,0.49,-0.06,0,0,0,0,0
455889958,99815,29.78,-0.59,-31.56,84.69,-43.65,-1004.15,-73.97,54.93,-0.06,0.37,0.06,0,0,0,0,0
455899996,99815,29.78,-0.59,-31.6,84.69,-43.69,-1002.69,-72.51,68.12,-0.18,0.12,-0.12,0,0,0,0,0
455910041,99815,29.78,-0.59,-31.63,84.69,-43.72,-1007.08,-68.85,76.9,0.12,0.18,-0.37,0,0,0,0,0
455920972,99814,29.78,-0.5,-31.65,84.69,-43.73,-1006.35,-63.72,72.51,0.37,0.24,-0.12,0,0,0,0,0
455931007,99814,29.78,-0.5,-31.69,84.69,-43.77,-1005.62,-73.97,68.12,-0.12,0.24,-0.06,0,0,0,0,0
455941145,99814,29.78,-0.5,-31.75,84.69,-43.83,-1001.22,-69.58,60.79,-0.12,0.31,-0.06,0,0,0,0,0
455951168,99814,29.78,-0.5,-31.77,84.7,-43.85,-1004.15,-61.52,62.99,0.31,0.24,0,0,0,0,0,0
455961191,99814,29.78,-0.5,-31.8,84.7,-43.88,-1008.54,-67.38,62.26,0.55,0.24,0,0,0,0,0,0
455972090,99815,29.78,-0.59,-31.83,84.7,-43.9,-1003.42,-70.31,69.58,0.24,0.31,0.06,0,0,0,0,0
455982140,99815,29.78,-0.59,-31.86,84.71,-43.94,-1001.95,-68.85,58.59,-0.12,0.06,0,0,0,0,0,0
455992185,99815,29.78,-0.59,-31.9,84.71,-43.97,-1008.54,-70.31,57.13,-0.06,-0.06,-0.06,0,0,0,0,0
456002225,99815,29.78,-0.59,-31.88,84.71,-43.95,-1005.62,-54.93,61.52,0.24,-0.06,0,0,0,0,0,0
456012280,99815,29.78,-0.59,-31.89,84.71,-43.96,-1005.62,-69.58,64.45,0.18,-0.12,0.06,0,0,0,0,0
456023214,99815,29.78,-0.59,-31.85,84.71,-43.92,-1001.95,-59.33,73.24,-0.12,-0.18,0,0,0,0,0,0
456033256,99815,29.78,-0.59,-31.84,84.71,-43.92,-1004.88,-71.04,67.38,-0.12,-0.24,0,0,0,0,0,0
456043302,99815,29.78,-0.59,-31.83,84.71,-43.9,-1010.01,-61.52,66.65,-0.06,-0.24,-0.12,0,0,0,0,0
456053345,99815,29.78,-0.59,-31.83,84.71,-43.9,-1008.54,-64.45,65.19,-0.18,-0.12,-0.06,0,0,0,0,0
456063392,99815,29.78,-0.59,-31.84,84.7,-43.92,-1005.62,-74.71,68.12,0,-0.06,0.06,0,0,0,0,0
456074321,99815,29.78,-0.59,-31.8,84.71,-43.88,-1007.08,-58.59,67.38,-0.06,-0.18,0.12,0,0,0,0,0
456084358,99815,29.78,-0.59,-31.77,84.7,-43.84,-1006.35,-63.72,74.71,0.06,-0.12,0.12,0,0,0,0,0
456094399,99815,29.78,-0.59,-31.73,84.7,-43.8,-1002.69,-65.19,80.57,0.31,-0.18,0.06,0,0,0,0,0
456104441,99815,29.78,-0.59,-31.69,84.7,-43.75,-1004.15,-61.52,71.04,0.18,-0.31,0.06,0,0,0,0,0
456114482,99815,29.78,-0.59,-31.66,84.7,-43.73,-1003.42,-65.92,71.78,0,-0.24,0.06,0,0,0,0,0
456125415,99814,29.78,-0.5,-31.66,84.7,-43.72,-1004.88,-65.19,69.58,0.06,-0.12,-0.12,0,0,0,0,0
456135450,99814,29.78,-0.5,-31.63,84.69,-43.7,-1000.49,-71.04,82.76,0,-0.12,0,0,0,0,0,0
456145476,99814,29.78,-0.5,-31.63,84.69,-43.69,-1001.95,-75.44,79.83,0,0,0.06,0,0,0,0,0
456155495,99814,29.78,-0.5,-31.6,84.69,-43.67,-1004.15,-60.06,78.37,0.18,-0.06,-0.12,0,0,0,0,0
456165524,99814,29.78,-0.5,-31.61,84.69,-43.67,-1008.54,-67.38,70.31,0.18,0,-0.12,0,0,0,0,0
456176550,99815,29.78,-0.59,-31.58,84.68,-43.65,-997.56,-62.99,83.5,-0.06,0.06,-0.06,0,0,0,0,0
456186590,99815,29.78,-0.59,-31.58,84.68,-43.65,-1005.62,-68.85,68.85,-0.06,-0.06,0,0,0,0,0,0
456196641,99815,29.78,-0.59,-31.54,84.68,-43.6,-1001.22,-60.06,82.76,0.31,-0.06,0.06,0,0,0,0,0
456206690,99815,29.78,-0.59,-31.52,84.68,-43.58,-1004.88,-71.04,84.96,0.18,0.12,0.06,0,0,0,0,0
456216734,99815,29.78,-0.59,-31.53,84.68,-43.6,-1004.15,-58.59,61.52,-0.18,0.18,0,0,0,0,0,0
456227668,99815,29.78,-0.59,-31.57,84.68,-43.63,-1004.88,-76.9,68.85,-0.24,0,-0.06,0,0,0,0,0
456237708,99815,29.78,-0.59,-31.57,84.68,-43.64,-1006.35,-65.92,65.92,0,0,0.06,0,0,0,0,0
456247761,99815,29.78,-0.59,-31.57,84.68,-43.64,-1001.22,-65.92,76.9,0.24,0.12,-0.12,0,0,0,0,0
456257807,99815,29.78,-0.59,-31.57,84.68,-43.62,-1003.42,-62.99,79.1,0.37,0.18,-0.06,0,0,0,0,0
456267847,99815,29.78,-0.59,-31.55,84.68,-43.61,-1008.54,-65.92,77.64,-0.06,0.18,0.12,0,0,0,0,0
456278780,99814,29.78,-0.5,-31.58,84.68,-43.64,-1005.62,-68.85,70.31,-0.37,0.24,0,0,0,0,0,0
456288824,99814,29.78,-0.5,-31.62,84.69,-43.68,-1002.69,-69.58,62.26,-0.12,0.31,0.06,0,0,0,0,0
456298961,99814,29.78,-0.5,-31.63,84.69,-43.69,-1007.08,-57.13,60.79,0.31,0.18,0.06,0,0,0,0,0
456308982,99814,29.78,-0.5,-31.7,84.69,-43.76,-1258.3,-105.47,71.04,0.24,0.12,0.06,0,0,0,0,0
456319004,99814,29.78,-0.5,-31.86,84.71,-43.93,-1951.9,-136.23,8.06,-0.79,0.37,0.06,0,0,0,0,0
456329908,99814,29.78,-0.5,-31.9,84.73,-43.99,-2980.22,-110.6,94.48,-2.01,0.43,0.18,0,0,0,0,0
456339947,99814,29.78,-0.5,-31.75,84.76,-43.85,-3306.15,46.88,132.57,-1.83,0.18,0.67,0,0,0,0,0
456349974,99814,29.78,-0.5,-31.68,84.77,-43.8,-3701.66,-93.02,126.71,-1.22,-0.24,0.37,0,0,0,0,0
456360000,99814,29.78,-0.5,-31.71,84.78,-43.83,-3894.29,-109.86,128.17,0.12,-0.37,-0.79,0,0,0,0,0
456370139,99814,29.78,-0.5,-31.79,84.79,-43.88,-4051.03,-86.43,92.29,3.17,-0.31,-1.34,0,0,0,0,0
456381035,99812,29.78,-0.34,-32.28,84.79,-44.37,-4275.15,-407.23,-75.44,-0.24,0.55,-2.01,0,0,0,0,0
456391072,99812,29.78,-0.34,-32.53,84.83,-44.67,-4232.67,-4.39,-185.3,-4.7,1.16,-0.92,0,0,0,0,0
456401095,99812,29.78,-0.34,-32.68,84.85,-44.95,-4356.45,-12.45,8.79,-12.76,0.92,-0.98,0,0,0,0,0
456411232,99812,29.78,-0.34,-32.87,84.85,-45.36,-4461.18,-77.64,141.36,-22.77,0.43,-2.38,0,0,0,0,0
456421263,99812,29.78,-0.34,-33.25,84.84,-45.99,-4509.52,-289.31,52.73,-24.54,0.18,-3.23,0,0,0,0,0
456432167,99811,29.78,-0.25,-33.48,84.84,-46.4,-4587.16,-123.78,138.43,-16.54,0.06,-2.87,0,0,0,0,0
456442218,99811,29.78,-0.25,-33.7,84.85,-46.68,-4625.98,-162.6,-23.44,-6.53,0,-1.77,0,0,0,0,0
456452243,99811,29.78,-0.25,-33.93,84.86,-46.91,-4639.16,-235.11,-112.06,1.1,0,-0.98,0,0,0,0,0
456462272,99811,29.78,-0.25,-34.08,84.88,-47,-4653.08,-191.16,12.45,5.62,0.49,-0.31,0,0,0,0,0
456472416,99811,29.78,-0.25,-34.21,84.9,-47.06,-4617.92,-216.8,98.88,6.77,1.04,0.06,0,0,0,0,0
456483315,99807,29.78,0.08,-34.41,84.91,-47.2,-4645.75,-331.79,154.54,5.49,1.22,-0.06,0,0,0,0,0
456493363,99807,29.78,0.08,-34.52,84.93,-47.27,-4750.49,-243.9,186.04,3.78,0.92,-0.31,0,0,0,0,0
456503391,99807,29.78,0.08,-34.7,84.94,-47.41,-4806.88,-271.73,19.78,3.91,0.24,-0.61,0,0,0,0,0
456513430,99807,29.78,0.08,-34.9,84.95,-47.54,-4864.01,-237.3,-102.54,6.65,-0.37,-0.98,0,0,0,0,0
456523468,99807,29.78,0.08,-35.04,84.96,-47.56,-4862.55,-152.34,-62.99,12.94,-0.24,-0.85,0,0,0,0,0
456534380,99804,29.78,0.34,-35.18,84.98,-47.46,-4902.83,-227.78,32.23,21.3,0.31,-0.24,0,0,0,0,0
456544431,99804,29.78,0.34,-35.32,85.01,-47.29,-4935.06,-239.5,2.2,31.62,0.98,0.55,0,0,0,0,0
456554463,99804,29.78,0.34,-35.48,85.04,-47.02,-4927.73,-213.87,-16.11,42.18,1.46,0.92,0,0,0,0,0
456564488,99804,29.78,0.34,-35.63,85.08,-46.67,-4902.1,-201.42,-44.68,49.8,1.34,0.98,0,0,0,0,0
456574509,99804,29.78,0.34,-35.55,85.09,-46.05,-4872.8,-265.14,352.29,54.2,0.37,0.67,0,0,0,0,0
456585498,99800,29.78,0.67,-35.62,85.12,-45.54,-4779.79,-36.62,-254.15,52.67,-0.85,0.12,0,0,0,0,0
456595536,99800,29.78,0.67,-35.79,85.15,-45.3,-4751.95,-78.37,-258.54,40.04,-0.24,-0.24,0,0,0,0,0
456605562,99800,29.78,0.67,-35.88,85.18,-45.14,-4762.21,-15.38,79.1,25.88,1.1,-0.43,0,0,0,0,0
456615701,99800,29.78,0.67,-36.26,85.2,-45.35,-4812.01,-230.71,-160.4,16.17,1.28,-0.92,0,0,0,0,0
456625732,99800,29.78,0.67,-36.46,85.21,-45.46,-4824.46,-137.7,-52,9.7,-0.12,-1.53,0,0,0,0,0
456636635,99796,29.78,1.01,-36.41,85.19,-45.37,-4968.02,-173.58,115.72,3.72,-2.5,-1.65,0,0,0,0,0
456646677,99796,29.78,1.01,-36.34,85.17,-45.36,-5109.37,-221.19,-189.7,-5.55,-4.7,-1.59,0,0,0,0,0
456656703,99796,29.78,1.01,-36.15,85.15,-45.31,-5227.29,-112.79,-134.77,-14.95,-5.37,-1.65,0,0,0,0,0
456666732,99796,29.78,1.01,-36.08,85.13,-45.43,-5217.77,-156.74,-195.56,-18.86,-4.21,-1.4,0,0,0,0,0
456676752,99796,29.78,1.01,-36.06,85.11,-45.62,-5220.7,-350.1,104.74,-20.63,-2.75,-1.28,0,0,0,0,0
456687775,99789,29.78,1.6,-36.12,85.11,-45.92,-5281.49,-186.04,-238.77,-21.55,-2.81,-1.22,0,0,0,0,0
456697811,99789,29.78,1.6,-36,85.1,-46,-5324.71,-164.79,-32.23,-19.29,-3.36,-0.85,0,0,0,0,0
456707837,99789,29.78,1.6,-35.94,85.09,-46.08,-5351.07,-374.27,-4.39,-14.65,-2.99,-0.31,0,0,0,0,0
456717973,99789,29.78,1.6,-35.78,85.08,-46.03,-5341.55,-178.71,-49.8,-10.19,-3.23,-0.12,0,0,0,0,0
456727999,99789,29.78,1.6,-35.73,85.08,-46.05,-5332.76,-225.59,-243.16,-7.45,-3.91,-0.79,0,0,0,0,0
456738905,99782,29.78,2.19,-35.62,85.06,-45.99,-5344.48,-199.95,36.62,-4.33,-3.11,-1.1,0,0,0,0,0
456748940,99782,29.78,2.19,-35.69,85.05,-46.06,-5363.53,-273.19,-84.96,0.55,-2.32,-1.4,0,0,0,0,0
456758965,99782,29.78,2.19,-35.82,85.05,-46.17,-5384.03,-161.13,-173.58,1.59,-2.44,-2.32,0,0,0,0,0
456768987,99782,29.78,2.19,-35.99,85.02,-46.35,-5408.2,-231.45,-23.44,-1.04,-2.38,-3.3,0,0,0,0,0
456779129,99782,29.78,2.19,-36.28,85,-46.68,-5411.13,-222.66,-83.5,-4.27,-2.08,-4.21,0,0,0,0,0
456790031,99774,29.78,2.86,-36.65,84.96,-47.13,-5458.74,-170.65,-144.29,-6.59,-2.32,-5.31,0,0,0,0,0
456800071,99774,29.78,2.86,-37.06,84.92,-47.62,-5501.95,-236.57,-52,-7.87,-2.26,-6.35,0,0,0,0,0
456810092,99774,29.78,2.86,-37.56,84.87,-48.2,-5528.32,-183.11,-90.09,-8.73,-1.95,-7.39,0,0,0,0,0
456820124,99774,29.78,2.86,-38.16,84.82,-48.89,-5504.88,-213.87,-117.19,-8.91,-1.65,-8.36,0,0,0,0,0
456830146,99774,29.78,2.86,-38.8,84.76,-49.61,-5493.9,-204.35,-62.99,-8.3,-1.22,-9.09,0,0,0,0,0
456841167,99772,29.78,3.03,-39.63,84.69,-50.51,-5453.61,-202.88,-123.78,-6.47,-0.98,-10.38,0,0,0,0,0
456851216,99772,29.78,3.03,-40.42,84.62,-51.35,-5448.49,-186.04,-109.13,-4.82,-0.79,-11.17,0,0,0,0,0
456861251,99772,29.78,3.03,-41.26,84.54,-52.22,-5438.96,-197.02,-55.66,-4.09,-0.37,-12.02,0,0,0,0,0
456871281,99772,29.78,3.03,-42.17,84.46,-53.18,-5479.98,-178.71,-122.31,-4.58,0,-13,0,0,0,0,0
456881316,99772,29.78,3.03,-43.11,84.37,-54.17,-5462.4,-189.7,-80.57,-5.98,0,-14.1,0,0,0,0,0
456892207,99762,29.78,3.88,-44.16,84.25,-55.3,-5446.29,-199.95,-72.51,-7.26,0.06,-15.2,0,0,0,0,0
456902249,99762,29.78,3.88,-45.18,84.15,-56.39,-5430.18,-164.06,-125.24,-8,0.37,-16.17,0,0,0,0,0
456912368,99762,29.78,3.88,-46.22,84.03,-57.51,-5436.77,-186.04,-78.37,-8.79,0.79,-16.85,0,0,0,0,0
456922478,99762,29.78,3.88,-47.31,83.91,-58.69,-5447.75,-206.54,-83.5,-9.28,1.46,-17.64,0,0,0,0,0
456932593,99762,29.78,3.88,-48.44,83.78,-59.9,-5456.54,-198.49,-92.29,-8.91,2.01,-18.62,0,0,0,0,0
456943320,99750,29.79,4.89,-49.69,83.63,-61.23,-5449.95,-221.19,-70.31,-7.26,2.87,-19.47,0,0,0,0,0
456953443,99750,29.79,4.89,-50.9,83.5,-62.47,-5441.16,-173.58,-100.34,-4.58,3.6,-20.14,0,0,0,0,0
456963553,99750,29.79,4.89,-52.13,83.35,-63.71,-5429.44,-215.33,-86.43,-1.53,4.15,-20.94,0,0,0,0,0
456973661,99750,29.79,4.89,-53.36,83.2,-64.93,-5401.61,-173.58,-87.89,1.1,4.7,-21.85,0,0,0,0,0
456983761,99750,29.79,4.89,-54.61,83.03,-66.12,-5381.84,-210.21,-93.75,4.09,5,-22.89,0,0,0,0,0
456994362,99736,29.78,6.07,-55.9,82.85,-67.33,-5407.47,-173.58,-77.64,7.02,5.43,-23.74,0,0,0,0,0
457004487,99736,29.78,6.07,-57.13,82.67,-68.45,-5410.4,-188.23,-88.62,9.83,5.92,-24.66,0,0,0,0,0
457014595,99736,29.78,6.07,-58.35,82.48,-69.55,-5386.23,-169.19,-76.9,11.47,6.29,-25.63,0,0,0,0,0
457024696,99736,29.78,6.07,-59.56,82.28,-70.62,-5397.22,-180.91,-86.43,11.96,6.53,-26.67,0,0,0,0,0
457034807,99736,29.78,6.07,-60.75,82.07,-71.68,-5389.16,-168.46,-63.72,11.84,7.02,-27.47,0,0,0,0,0
457045415,99725,29.78,7,-62,81.83,-72.8,-5314.45,-156.01,-95.95,11.66,7.57,-28.75,0,0,0,0,0
457055542,99725,29.78,7,-63.16,81.6,-73.81,-5251.46,-175.78,-60.06,13,7.81,-29.66,0,0,0,0,0
457065651,99725,29.78,7,-64.28,81.36,-74.77,-5210.45,-128.17,-63.72,14.59,8.06,-30.64,0,0,0,0,0
457075757,99725,29.78,7,-65.38,81.11,-75.7,-5177.49,-148.68,-76.9,15.32,8.3,-31.37,0,0,0,0,0
457085871,99725,29.78,7,-66.45,80.85,-76.6,-5172.36,-146.48,-76.17,15.5,8.61,-32.1,0,0,0,0,0
457096465,99709,29.78,8.34,-67.52,80.57,-77.5,-5165.77,-108.4,-73.24,15.2,8.79,-32.84,0,0,0,0,0
457106597,99709,29.78,8.34,-68.51,80.3,-78.32,-5167.97,-132.57,-62.99,14.71,8.97,-33.39,0,0,0,0,0
457116705,99709,29.78,8.34,-69.45,80.02,-79.11,-5111.57,-115.72,-50.54,14.83,9.28,-33.81,0,0,0,0,0
457126807,99709,29.78,8.34,-70.37,79.74,-79.86,-5072.75,-106.2,-62.99,15.2,9.46,-34.36,0,0,0,0,0
457136915,99709,29.78,8.34,-71.24,79.46,-80.56,-5061.04,-116.46,-52.73,15.08,9.34,-34.91,0,0,0,0,0
457147506,99697,29.78,9.36,-72.1,79.15,-81.24,-5144.53,-103.27,-41.75,14.89,9.28,-35.28,0,0,0,0,0
457157631,99697,29.78,9.36,-72.91,78.86,-81.89,-4757.08,-102.54,-102.54,14.59,9.52,-35.58,0,0,0,0,0
457167713,99697,29.78,9.36,-73.67,78.56,-82.5,-4642.82,-94.48,-38.09,14.4,9.83,-35.89,0,0,0,0,0
457177783,99697,29.78,9.36,-74.42,78.26,-83.09,-4632.57,-83.5,-50.54,14.1,10.07,-36.38,0,0,0,0,0
457187847,99697,29.78,9.36,-75.15,77.96,-83.66,-4621.58,-101.81,-78.37,13.67,10.25,-36.8,0,0,0,0,0
457198654,99680,29.78,10.79,-75.89,77.63,-84.24,-4637.7,-95.21,-27.83,13.55,10.5,-36.99,0,0,0,0,0
457208740,99680,29.78,10.79,-76.58,77.32,-84.78,-4633.3,-86.43,-72.51,13.43,10.8,-37.29,0,0,0,0,0
457218804,99680,29.78,10.79,-77.24,77.01,-85.29,-4620.85,-60.79,-42.48,13.18,11.11,-37.6,0,0,0,0,0
457228884,99680,29.78,10.79,-77.88,76.7,-85.78,-4598.88,-76.9,-32.23,12.94,11.23,-37.84,0,0,0,0,0
457238959,99680,29.78,10.79,-78.5,76.39,-86.26,-4611.33,-62.26,-66.65,12.57,11.29,-38.09,0,0,0,0,0
457249791,99663,29.78,12.23,-79.13,76.05,-86.74,-4586.43,-56.4,-36.62,12.57,11.35,-38.45,0,0,0,0,0
457259878,99663,29.78,12.23,-79.68,75.73,-87.15,-4591.55,-49.07,-49.07,12.51,10.99,-38.88,0,0,0,0,0
457269943,99663,29.78,12.23,-80.2,75.41,-87.53,-4569.58,-25.63,-69.58,11.78,10.62,-39.25,0,0,0,0,0
457280020,99663,29.78,12.23,-80.69,75.08,-87.89,-4576.9,-27.83,-38.09,11.11,10.56,-39.43,0,0,0,0,0
457290093,99663,29.78,12.23,-81.16,74.76,-88.24,-4543.95,-19.78,-57.86,10.8,10.56,-39.49,0,0,0,0,0
457300915,99644,29.78,13.83,-81.64,74.42,-88.59,-4546.14,-6.59,-60.06,10.38,10.25,-39.61,0,0,0,0,0
457311001,99644,29.78,13.83,-82.07,74.1,-88.91,-4533.69,9.52,-68.85,9.95,10.31,-39.43,0,0,0,0,0
457321068,99644,29.78,13.83,-82.49,73.78,-89.21,-4553.47,15.38,-49.8,9.89,10.44,-39.43,0,0,0,0,0
457331142,99644,29.78,13.83,-82.89,73.47,-89.5,-4561.52,12.45,-54.93,9.77,10.56,-39.31,0,0,0,0,0
457341216,99644,29.78,13.83,-83.29,73.16,-89.78,-4562.99,29.3,-57.13,9.46,10.68,-39,0,0,0,0,0
457352037,99627,29.78,15.26,-83.7,72.84,-90.07,-4561.52,44.68,-36.62,9.22,10.8,-38.57,0,0,0,0,0
457362128,99627,29.78,15.26,-84.07,72.54,-90.34,-4565.19,42.48,-62.26,8.97,10.62,-38.21,0,0,0,0,0
457372201,99627,29.78,15.26,-84.42,72.25,-90.59,-4546.87,58.59,-41.02,8.73,10.62,-37.6,0,0,0,0,0
457382276,99627,29.78,15.26,-84.76,71.97,-90.82,-4539.55,48.34,-26.37,9.16,10.74,-36.8,0,0,0,0,0
457392356,99627,29.78,15.26,-85.11,71.69,-91.05,-4544.68,58.59,-71.04,9.95,10.86,-36.07,0,0,0,0,0
457403187,99606,29.78,17.03,-85.47,71.41,-91.28,-4533.69,70.31,-28.56,10.44,11.05,-35.4,0,0,0,0,0
457413285,99606,29.78,17.03,-85.8,71.15,-91.48,-4505.13,86.43,-35.16,10.62,11.11,-34.85,0,0,0,0,0
457423376,99606,29.78,17.03,-86.12,70.9,-91.68,-4491.21,87.16,-35.89,10.56,11.05,-34.24,0,0,0,0,0
457433448,99606,29.78,17.03,-86.43,70.66,-91.86,-4523.44,94.48,-29.3,11.11,10.93,-33.51,0,0,0,0,0
457443528,99606,29.78,17.03,-86.73,70.43,-92.03,-4496.34,126.71,-42.48,11.78,10.8,-32.9,0,0,0,0,0
457454230,99587,29.78,18.64,-87.04,70.19,-92.19,-4473.63,115.72,-19.78,12.02,10.8,-32.17,0,0,0,0,0
457464324,99587,29.78,18.64,-87.33,69.98,-92.35,-4485.35,125.98,-32.23,12.08,10.86,-31.19,0,0,0,0,0
457474404,99587,29.78,18.64,-87.62,69.78,-92.49,-4464.84,154.54,-41.75,12.15,10.8,-30.09,0,0,0,0,0
457484494,99587,29.78,18.64,-87.89,69.59,-92.63,-4467.04,161.87,-21.24,12.82,10.62,-28.93,0,0,0,0,0
457494576,99587,29.78,18.64,-88.17,69.42,-92.74,-4480.22,163.33,-32.96,13.73,10.56,-27.77,0,0,0,0,0
457505276,99563,29.78,20.67,-88.47,69.25,-92.87,-4469.97,184.57,-46.14,14.65,10.86,-25.88,0,0,0,0,0
457515375,99563,29.78,20.67,-88.75,69.12,-92.99,-4437.01,184.57,-2.2,14.65,11.11,-24.35,0,0,0,0,0
457525463,99563,29.78,20.67,-89.04,68.99,-93.12,-4427.49,196.29,-25.63,13.85,11.23,-23.07,0,0,0,0,0
457535539,99563,29.78,20.67,-89.33,68.88,-93.25,-4408.45,202.15,-10.99,13.18,11.41,-21.79,0,0,0,0,0
457545628,99563,29.78,20.67,-89.62,68.79,-93.39,-4397.46,198.49,-3.66,12.7,11.41,-20.39,0,0,0,0,0
457556332,99533,29.77,23.2,-89.93,68.7,-93.56,-4406.25,193.36,-39.55,12.02,11.35,-18.92,0,0,0,0,0
457566423,99533,29.77,23.2,-90.21,68.64,-93.71,-4409.18,201.42,-2.93,11.35,11.23,-17.27,0,0,0,0,0
457576517,99533,29.77,23.2,-90.5,68.59,-93.86,-4409.18,201.42,-17.58,11.05,11.17,-15.69,0,0,0,0,0
457586614,99533,29.77,23.2,-90.78,68.55,-94.01,-4403.32,197.75,-22.71,11.17,10.99,-14.34,0,0,0,0,0
457596705,99533,29.77,23.2,-91.06,68.53,-94.16,-4398.19,206.54,-45.41,11.96,10.86,-13.12,0,0,0,0,0
457607372,99508,29.77,25.31,-91.37,68.52,-94.31,-4398.93,204.35,-63.72,12.7,11.05,-11.96,0,0,0,0,0
457617482,99508,29.77,25.31,-91.66,68.52,-94.45,-4407.71,219.73,-16.85,12.63,11.05,-10.68,0,0,0,0,0
457627583,99508,29.77,25.31,-91.95,68.54,-94.59,-4380.62,215.33,-41.75,12.82,10.8,-9.4,0,0,0,0,0
457637670,99508,29.77,25.31,-92.24,68.57,-94.73,-4382.81,233.64,-16.11,13.55,11.23,-8.24,0,0,0,0,0
457647758,99508,29.77,25.31,-92.56,68.61,-94.89,-4378.42,270.26,-5.13,13.98,11.96,-6.96,0,0,0,0,0
457658466,99478,29.77,27.84,-92.91,68.67,-95.08,-4362.3,246.83,32.23,12.15,12.45,-5.74,0,0,0,0,0
457668576,99478,29.77,27.84,-93.26,68.73,-95.31,-4349.85,243.9,10.99,9.22,12.94,-4.64,0,0,0,0,0
457678669,99478,29.77,27.84,-93.61,68.8,-95.58,-4327.88,265.14,60.06,6.29,13.37,-3.36,0,0,0,0,0
457688761,99478,29.77,27.84,-93.98,68.89,-95.87,-4306.64,232.18,68.12,4.58,13.49,-1.95,0,0,0,0,0
457698844,99478,29.77,27.84,-94.34,68.99,-96.16,-4307.37,238.77,70.31,4.76,13.31,-0.55,0,0,0,0,0
457709559,99450,29.77,30.21,-94.71,69.11,-96.44,-4293.46,192.63,75.44,6.16,12.82,0.92,0,0,0,0,0
457719668,99450,29.77,30.21,-95.06,69.23,-96.68,-4287.6,249.02,122.31,8.3,12.51,1.89,0,0,0,0,0
457729761,99450,29.77,30.21,-95.41,69.36,-96.9,-4305.18,229.98,35.16,10.8,12.08,2.69,0,0,0,0,0
457739851,99450,29.77,30.21,-95.74,69.5,-97.08,-4275.15,237.3,53.47,12.94,11.41,3.72,0,0,0,0,0
457749954,99450,29.77,30.21,-96.06,69.65,-97.23,-4260.5,169.92,108.4,14.47,11.05,4.82,0,0,0,0,0
457760665,99423,29.77,32.49,-96.38,69.84,-97.35,-4237.79,262.94,62.26,16.48,9.83,6.65,0,0,0,0,0
457770770,99423,29.77,32.49,-96.67,70.02,-97.42,-4237.79,223.39,75.44,19.9,9.09,7.69,0,0,0,0,0
457780869,99423,29.77,32.49,-96.95,70.2,-97.45,-4235.6,163.33,93.75,22.89,8.85,8.67,0,0,0,0,0
457790959,99423,29.77,32.49,-97.23,70.4,-97.47,-4223.14,256.35,50.54,24.41,8.42,9.28,0,0,0,0,0
457801046,99423,29.77,32.49,-97.5,70.6,-97.48,-4226.81,224.85,124.51,23.32,8.18,9.95,0,0,0,0,0
457811752,99398,29.77,34.61,-97.78,70.82,-97.51,-4221.68,175.05,82.03,22.28,7.69,10.93,0,0,0,0,0
457821856,99398,29.77,34.61,-98.04,71.04,-97.52,-4221.68,221.19,74.71,22.64,7.08,12.02,0,0,0,0,0
457831943,99398,29.77,34.61,-98.28,71.27,-97.52,-4208.5,156.01,120.85,22.52,6.65,13.12,0,0,0,0,0
457842041,99398,29.77,34.61,-98.51,71.51,-97.51,-4185.79,154.54,119.38,21.79,6.1,14.16,0,0,0,0,0
457852136,99398,29.77,34.61,-98.73,71.75,-97.51,-4157.23,149.41,72.51,20.81,5.37,14.77,0,0,0,0,0
457862854,99373,29.77,36.72,-98.93,72.02,-97.5,-4144.78,139.89,136.23,19.65,4.76,15.32,0,0,0,0,0
457872949,99373,29.77,36.72,-99.12,72.27,-97.48,-4157.96,112.06,102.54,18.8,4.09,15.93,0,0,0,0,0
457883042,99373,29.77,36.72,-99.28,72.53,-97.44,-4173.34,118.65,67.38,18.8,3.05,16.3,0,0,0,0,0
457893122,99373,29.77,36.72,-99.41,72.79,-97.37,-4162.35,98.88,110.6,19.1,2.38,16.72,0,0,0,0,0
457903210,99373,29.77,36.72,-99.53,73.05,-97.29,-4166.02,88.62,76.9,19.23,1.83,17.15,0,0,0,0,0
457913920,99340,29.77,39.51,-99.64,73.33,-97.19,-4160.16,70.31,120.12,18.98,1.4,17.52,0,0,0,0,0
457924021,99340,29.77,39.51,-99.73,73.6,-97.1,-4151.37,82.03,78.37,17.82,0.92,17.76,0,0,0,0,0
457934112,99340,29.77,39.51,-99.8,73.86,-97,-4130.86,54.2,99.61,16.3,0.31,17.88,0,0,0,0,0
457944195,99340,29.77,39.51,-99.84,74.13,-96.89,-4109.62,45.41,95.21,14.89,-0.43,17.94,0,0,0,0,0
457954292,99340,29.77,39.51,-99.86,74.39,-96.76,-4101.56,49.8,84.96,13.85,-1.16,17.82,0,0,0,0,0
457965004,99310,29.77,42.05,-99.84,74.67,-96.6,-4109.62,13.18,95.21,13.06,-2.01,17.88,0,0,0,0,0
457975097,99310,29.77,42.05,-99.79,74.93,-96.43,-4103.03,22.71,69.58,12.27,-2.75,17.94,0,0,0,0,0
457985189,99310,29.77,42.05,-99.72,75.19,-96.25,-4086.18,13.92,69.58,10.68,-3.48,18.07,0,0,0,0,0
457995284,99310,29.77,42.05,-99.62,75.45,-96.06,-4086.91,-21.97,90.09,8.91,-3.78,18.07,0,0,0,0,0
458005381,99310,29.77,42.05,-99.5,75.71,-95.87,-4073,-7.32,88.62,6.9,-4.27,17.46,0,0,0,0,0
458016088,99282,29.77,44.42,-99.33,75.97,-95.65,-4047.36,-26.37,66.65,5.19,-5.19,16.97,0,0,0,0,0
458026182,99282,29.77,44.42,-99.11,76.21,-95.4,-4029.05,-30.76,110.6,3.36,-6.04,16.66,0,0,0,0,0
458036273,99282,29.77,44.42,-98.88,76.45,-95.17,-4029.79,-49.07,33.69,1.53,-6.53,16.24,0,0,0,0,0
458046367,99282,29.77,44.42,-98.62,76.68,-94.91,-4021,-50.54,65.92,-0.18,-7.08,15.5,0,0,0,0,0
458056447,99282,29.77,44.42,-98.32,76.9,-94.64,-4021.73,-55.66,73.24,-2.14,-7.57,14.83,0,0,0,0,0
458067154,99255,29.77,46.7,-97.98,77.12,-94.35,-4018.07,-81.3,33.69,-4.39,-8.06,14.28,0,0,0,0,0
458077248,99255,29.77,46.7,-97.6,77.33,-94.05,-4010.01,-71.78,71.04,-6.96,-8.85,13.61,0,0,0,0,0
458087325,99255,29.77,46.7,-97.19,77.52,-93.75,-4009.28,-114.26,27.83,-9.46,-9.46,13,0,0,0,0,0
458097407,99255,29.77,46.7,-96.76,77.71,-93.45,-4000.49,-109.86,11.72,-11.54,-9.83,12.39,0,0,0,0,0
458107497,99255,29.77,46.7,-96.29,77.89,-93.12,-3971.19,-117.92,36.62,-13.55,-10.31,11.72,0,0,0,0,0
458118197,99222,29.77,49.5,-95.77,78.06,-92.78,-3958.01,-148.68,1.46,-15.44,-10.62,10.74,0,0,0,0,0
458128295,99222,29.77,49.5,-95.26,78.21,-92.45,-3943.36,-158.94,6.59,-17.4,-10.93,9.52,0,0,0,0,0
458138382,99222,29.77,49.5,-94.71,78.35,-92.11,-3937.5,-158.2,-5.86,-19.53,-11.41,8.42,0,0,0,0,0
458148465,99222,29.77,49.5,-94.14,78.47,-91.77,-3952.88,-172.12,-16.11,-21.24,-11.72,7.26,0,0,0,0,0
458158551,99222,29.77,49.5,-93.56,78.58,-91.44,-3919.19,-172.85,-9.52,-23.19,-11.72,5.98,0,0,0,0,0
458169251,99192,29.76,52.04,-92.95,78.68,-91.11,-3908.2,-210.94,-40.28,-25.15,-11.6,4.76,0,0,0,0,0
458179340,99192,29.76,52.04,-92.36,78.76,-90.8,-3908.2,-172.12,-30.76,-26.86,-11.84,3.3,0,0,0,0,0
458189417,99192,29.76,52.04,-91.77,78.82,-90.51,-3890.63,-206.54,-44.68,-28.87,-11.84,1.77,0,0,0,0,0
458199506,99192,29.76,52.04,-91.18,78.87,-90.25,-3907.47,-151.61,-53.47,-31.07,-11.72,0.18,0,0,0,0,0
458209590,99192,29.76,52.04,-90.61,78.9,-90.02,-3936.77,-187.5,-61.52,-33.02,-11.41,-1.28,0,0,0,0,0
458220287,99154,29.76,55.26,-90.03,78.91,-89.83,-3881.84,-156.01,-68.12,-35.52,-11.05,-3.3,0,0,0,0,0
458230381,99154,29.76,55.26,-89.49,78.91,-89.68,-3859.13,-168.46,-80.57,-37.17,-10.93,-4.58,0,0,0,0,0
458240446,99154,29.76,55.26,-88.96,78.89,-89.55,-3826.17,-145.75,-60.79,-38.57,-10.62,-5.98,0,0,0,0,0
458250513,99154,29.76,55.26,-88.46,78.86,-89.47,-3807.13,-131.1,-81.3,-40.1,-10.31,-7.32,0,0,0,0,0
458260585,99154,29.76,55.26,-87.99,78.82,-89.43,-3779.3,-131.84,-90.09,-41.81,-9.83,-8.42,0,0,0,0,0
458271396,99121,29.77,58.05,-87.53,78.77,-89.44,-3769.78,-112.79,-102.54,-43.27,-9.34,-9.4,0,0,0,0,0
458281471,99121,29.77,58.05,-87.1,78.71,-89.47,-3769.78,-120.12,-66.65,-44.62,-8.97,-10.44,0,0,0,0,0
458291537,99121,29.77,58.05,-86.71,78.65,-89.56,-3780.03,-120.12,-112.79,-45.96,-8.48,-11.23,0,0,0,0,0
458301617,99121,29.77,58.05,-86.35,78.58,-89.69,-3788.82,-103.27,-131.1,-47.18,-8.18,-11.78,0,0,0,0,0
458311690,99121,29.77,58.05,-86,78.5,-89.83,-3779.3,-87.89,-105.47,-48.46,-7.87,-12.45,0,0,0,0,0
458322498,99084,29.77,61.19,-85.68,78.41,-90.05,-3760.99,-111.33,-159.67,-49.68,-7.2,-13.24,0,0,0,0,0
458332584,99084,29.77,61.19,-85.43,78.32,-90.32,-3776.37,-69.58,-177.98,-50.66,-6.41,-13.98,0,0,0,0,0
458342654,99084,29.77,61.19,-85.19,78.23,-90.61,-3737.55,-46.14,-123.78,-51.7,-5.62,-14.4,0,0,0,0,0
458352719,99084,29.77,61.19,-85.02,78.14,-90.97,-3696.53,-88.62,-205.08,-52.37,-4.88,-14.89,0,0,0,0,0
458362791,99084,29.77,61.19,-84.87,78.04,-91.37,-3681.88,7.32,-156.01,-52.98,-3.91,-15.32,0,0,0,0,0
458373610,99045,29.77,64.49,-84.78,77.93,-91.85,-3688.48,-57.13,-153.08,-53.22,-2.62,-15.69,0,0,0,0,0
458383771,99045,29.77,64.49,-84.74,77.83,-92.35,-3703.86,-8.06,-139.89,-53.04,-1.34,-15.81,0,0,1,0,0
458394211,99045,29.77,64.49,-84.74,77.73,-92.9,-3715.58,17.58,-140.62,-53.47,-0.31,-15.93,0,0,1,0,0
458404545,99045,29.77,64.49,-84.77,77.63,-93.47,-3719.97,0,-109.13,-54.26,0.61,-15.69,0,0,1,0,0
458414937,99045,29.77,64.49,-84.83,77.54,-94.09,-3715.58,28.56,-140.62,-55.18,1.16,-15.38,0,0,1,0,0
458425374,99008,29.77,67.63,-84.9,77.45,-94.73,-3691.41,25.63,-98.88,-55.73,2.01,-14.89,0,0,1,0,0
458435775,99008,29.77,67.63,-84.99,77.37,-95.39,-3628.42,54.2,-97.41,-56.27,2.38,-14.53,0,0,1,0,0
458446133,99008,29.77,67.63,-85.11,77.29,-96.08,-3544.92,61.52,-134.77,-56.82,2.81,-14.04,0,0,1,0,0
458456540,99008,29.77,67.63,-85.22,77.22,-96.77,-3447.51,38.82,-62.99,-57.25,3.42,-13.43,0,0,1,0,0
458466910,99008,29.77,67.63,-85.38,77.16,-97.5,-3333.98,81.3,-142.09,-57.68,3.72,-13,0,0,1,0,0
458477375,98969,29.77,70.94,-85.54,77.1,-98.26,-3221.92,83.5,-101.07,-58.35,4.27,-12.33,0,0,1,0,0
458487800,98969,29.77,70.94,-85.7,77.05,-99.01,-3141.36,41.02,-80.57,-59.2,4.52,-11.29,0,0,1,0,0
458498185,98969,29.77,70.94,-85.89,77.01,-99.8,-3045.41,100.34,-93.75,-59.88,4.88,-10.25,0,0,1,0,0
458508614,98969,29.77,70.94,-86.08,76.97,-100.61,-2973.63,53.47,-96.68,-60.36,5.13,-9.64,0,0,1,0,0
458519011,98969,29.77,70.94,-86.27,76.95,-101.4,-2906.98,104,-46.88,-60.97,5.31,-9.09,0,0,1,0,0
458529464,98932,29.77,74.08,-86.48,76.92,-102.24,-2764.16,93.75,-75.44,-61.46,5.55,-8.48,0,0,1,0,0
458539899,98932,29.77,74.08,-86.67,76.91,-103.06,-2538.57,106.93,-15.38,-62.13,5.68,-7.57,0,0,1,0,0
458550316,98932,29.77,74.08,-86.91,76.92,-103.92,-2357.67,95.95,-49.07,-63.17,5.86,-5.92,0,0,1,0,0
458560763,98932,29.77,74.08,-87.13,76.93,-104.79,-2190.67,73.24,-32.23,-64.27,5.62,-4.88,0,0,1,0,0
458571275,98932,29.77,74.08,-87.32,76.95,-105.64,-2013.43,79.1,8.79,-65.06,5.31,-4.15,0,0,1,0,0
458581689,98893,29.77,77.39,-87.51,76.98,-106.49,-1850.1,83.5,5.86,-65.61,5.07,-3.54,0,0,1,0,0
458596068,98893,29.77,77.39,-87.77,77.04,-107.68,-1628.91,91.55,-7.32,-66.28,4.58,-2.62,0,0,1,0,0
458606435,98893,29.77,77.39,-87.94,77.09,-108.52,-1508.79,93.75,11.72,-66.77,4.15,-1.83,0,0,1,0,0
458616904,98893,29.77,77.39,-88.11,77.15,-109.37,-1393.07,84.96,6.59,-67.14,3.78,-0.98,0,0,1,0,0
458627350,98893,29.77,77.39,-88.25,77.22,-110.19,-1293.46,60.06,16.85,-67.57,3.17,-0.24,0,0,1,0,0
458637693,98854,29.77,80.7,-88.37,77.29,-110.99,-1198.97,72.51,16.85,-67.99,2.44,0.24,0,0,1,0,0
458648164,98854,29.77,80.7,-88.48,77.37,-111.79,-1073.73,60.06,13.92,-68.42,1.89,0.79,0,0,1,0,0
458658637,98854,29.77,80.7,-88.56,77.46,-112.57,-984.37,51.27,30.76,-68.91,1.59,0.98,0,0,1,0,0
458669109,98854,29.77,80.7,-88.62,77.55,-113.34,-906.74,63.72,19.04,-69.64,0.79,1.1,0,0,1,0,0
458679565,98854,29.77,80.7,-88.65,77.65,-114.09,-822.51,57.86,19.78,-70.43,-0.12,1.4,0,0,1,0,0
458689924,98817,29.77,83.84,-88.65,77.75,-114.79,-762.45,41.02,20.51,-70.8,-0.85,1.71,0,0,1,0,0
458700388,98817,29.77,83.84,-88.62,77.84,-115.49,-689.21,16.85,4.39,-71.41,-1.77,1.71,0,0,1,0,0
458710856,98817,29.77,83.84,-88.56,77.94,-116.15,-618.9,39.55,20.51,-71.72,-2.14,1.46,0,0,1,0,0
458721193,98817,29.77,83.84,-88.51,78.04,-116.83,-544.19,31.49,2.93,-72.02,-2.5,1.28,0,0,1,0,0
458731628,98817,29.77,83.84,-88.34,78.15,-117.41,-475.34,22.71,30.03,-73.06,-3.42,1.28,0,0,1,0,0
458742010,98776,29.77,87.33,-88.19,78.28,-118.01,-424.07,54.93,24.9,-74.1,-4.27,1.1,0,0,1,0,0
458752516,98776,29.77,87.33,-88.01,78.4,-118.59,-355.22,32.96,12.45,-74.77,-4.94,0.55,0,0,1,0,0
458762846,98776,29.77,87.33,-87.87,78.51,-119.21,-283.45,29.3,-5.86,-75.38,-5.62,0.24,0,0,1,0,0
458773332,98776,29.77,87.33,-87.65,78.67,-119.78,-233.64,54.2,18.31,-76.29,-6.47,0.12,0,0,1,0,0
458783834,98776,29.77,87.33,-87.37,78.84,-120.29,-170.65,43.21,16.11,-77.15,-7.63,0,0,0,1,0,0
458794204,98738,29.77,90.56,-86.99,78.98,-120.69,-134.03,17.58,10.25,-77.09,-8.67,0.06,0,0,1,0,0
458804640,98738,29.77,90.56,-87.29,79.04,-121.8,-95.95,16.11,-51.27,-76.66,-8.91,0.12,0,0,1,0,0
458815122,98738,29.77,90.56,-87.71,79.18,-123.03,-78.37,36.62,-38.82,-77.27,-9.4,0.31,0,0,1,0,0
458825591,98738,29.77,90.56,-88.76,79.17,-124.91,-2.2,17.58,-45.41,-78.55,-9.77,0.24,0,0,1,0,0
458836078,98738,29.77,90.56,-90.92,78.94,-127.94,34.42,10.25,-45.41,-79.65,-10.01,0.18,0,0,1,0,0
458846476,98690,29.77,94.64,-93.11,78.74,-130.99,50.54,21.24,-57.86,-80.63,-10.19,0,0,0,1,0,0
458856981,98690,29.77,94.64,-95.61,78.73,-134.38,79.1,60.79,-59.33,-81.3,-10.19,-0.12,0,0,1,0,0
458867496,98690,29.77,94.64,-98.09,78.68,-137.75,91.55,73.24,-79.1,-81.3,-10.13,0.06,0,0,1,0,0
458877974,98690,29.77,94.64,-99.86,78.36,-140.41,121.58,27.83,-89.36,-81.18,-10.19,0.31,0,0,1,0,0
458888493,98690,29.77,94.64,-101.01,77.94,-142.42,134.03,3.66,-84.23,-81.24,-10.13,0.18,0,0,1,0,0
458898899,98648,29.77,98.21,-102.82,77.66,-145.11,99.61,39.55,-83.5,-81.67,-9.95,0,0,0,1,0,0
458909212,98648,29.77,98.21,-103.61,77.22,-146.75,183.11,-3.66,-112.06,-82.21,-9.77,-0.31,0,0,1,0,0
458919562,98648,29.77,98.21,-104.44,76.77,-148.45,159.67,-10.99,-218.26,-82.64,-9.09,-0.79,0,0,1,0,0
458929900,98648,29.77,98.21,-105.19,76.3,-150.07,135.5,-21.24,-251.95,-82.7,-7.69,-0.98,0,0,1,0,0
458940263,98648,29.77,98.21,-105.77,75.8,-151.49,156.01,-23.44,-184.57,-81.79,-6.04,-1.16,0,0,1,0,0
458950705,98606,29.77,101.78,-105.78,75.26,-152.34,162.6,-30.03,-76.9,-81.42,-5.31,-1.77,0,0,1,0,0
458961047,98606,29.77,101.78,-106.22,74.74,-153.63,172.85,-9.52,-117.19,-81.48,-4.94,-2.32,0,0,1,0,0
458971399,98606,29.77,101.78,-106.59,74.21,-154.85,181.64,-13.92,-141.36,-81.24,-4.82,-2.81,0,0,1,0,0
458981761,98606,29.77,101.78,-107.07,73.7,-156.18,216.8,1.46,-180.91,-81.24,-5,-3.17,0,0,1,0,0
458992149,98606,29.77,101.78,-107.59,73.19,-157.55,231.45,13.92,-194.09,-80.63,-4.46,-3.3,0,0,1,0,0
459002608,98564,29.77,105.36,-108.1,72.66,-158.91,228.52,16.85,-199.95,-79.53,-3.6,-3.11,0,0,1,0,0
459018505,98564,29.77,105.36,-108.71,71.83,-160.78,233.64,9.52,-158.2,-77.82,-2.62,-3.11,0,0,1,0,0
459028909,98564,29.77,105.36,-109,71.27,-161.89,248.29,2.93,-178.71,-77.33,-2.01,-3.42,0,0,1,0,0
459039299,98564,29.77,105.36,-109.23,70.71,-162.93,229.25,-5.13,-216.06,-77.39,-1.77,-3.85,0,0,1,0,0
459049715,98564,29.77,105.36,-109.42,70.14,-163.93,250.49,-5.13,-236.57,-77.51,-1.34,-4.33,0,0,1,0,0
459060183,98528,29.77,108.42,-109.65,69.56,-164.97,246.83,5.13,-243.16,-76.78,0.12,-4.52,0,0,1,0,0
459070624,98528,29.77,108.42,-109.9,68.97,-166.03,237.3,15.38,-200.68,-76.35,1.34,-4.64,0,0,1,0,0
459081018,98528,29.77,108.42,-110.17,68.38,-167.11,234.37,27.1,-183.11,-76.11,2.26,-5.07,0,0,1,0,0
459091425,98528,29.77,108.42,-110.47,67.78,-168.22,232.18,38.09,-173.58,-75.93,2.93,-5.31,0,0,1,0,0
459101868,98528,29.77,108.42,-110.83,67.19,-169.38,235.84,54.2,-194.09,-75.13,3.66,-5.07,0,0,1,0,0
459112356,98486,29.77,112,-111.17,66.58,-170.52,231.45,52,-177.25,-73.85,4.76,-4.52,0,0,1,0,0
459122803,98486,29.77,112,-111.5,65.97,-171.64,220.46,49.07,-150.88,-73.24,5.31,-4.03,0,0,1,0,0
459133221,98486,29.77,112,-111.75,65.34,-172.68,227.05,38.82,-138.43,-72.69,5.55,-3.66,0,0,1,0,0
459146545,98486,29.77,112,-112.02,64.53,-173.92,211.67,34.42,-155.27,-71.04,6.29,-3.48,0,0,1,0,0
459157060,98486,29.77,112,-112.22,63.88,-174.87,212.4,35.89,-148.68,-70.43,6.9,-3.48,0,0,1,0,0
459167448,98448,29.77,115.24,-112.39,63.24,-175.79,217.53,35.16,-141.36,-70.56,7.45,-3.42,0,0,1,0,0
459180906,98448,29.77,115.24,-112.65,62.4,-177.03,231.45,43.21,-112.06,-70.43,7.81,-3.66,0,0,1,0,0
459191305,98448,29.77,115.24,-112.94,61.77,-178.1,217.53,60.06,-90.09,-70.62,8,-3.48,0,0,1,0,0
459201810,98448,29.77,115.24,-113.35,61.17,-179.3,223.39,86.43,-89.36,-70.74,7.75,-2.62,0,0,1,0,0
459212251,98448,29.77,115.24,-113.78,60.57,179.48,228.52,98.14,-94.48,-70.68,7.81,-1.95,0,0,1,0,0
459222648,98407,29.77,118.73,-114.25,59.99,178.21,229.25,104,-68.85,-70.62,8,-1.83,0,0,1,0,0
459233115,98407,29.77,118.73,-114.71,59.4,176.95,228.52,107.67,-70.31,-70.37,7.93,-1.34,0,0,1,0,0
459243563,98407,29.77,118.73,-115.13,58.81,175.74,242.43,98.14,-57.86,-70.01,7.81,-1.1,0,0,1,0,0
459254068,98407,29.77,118.73,-115.39,58.17,174.72,240.23,66.65,-68.12,-69.46,7.69,-0.85,0,0,1,0,0
459264525,98407,29.77,118.73,-115.62,57.53,173.73,246.83,62.26,-62.26,-69.27,7.81,-0.55,0,0,1,0,0
459274941,98359,29.77,122.82,-115.86,56.9,172.73,249.76,62.26,-49.07,-69.52,7.57,-0.18,0,0,1,0,0
459285400,98359,29.77,122.82,-116.11,56.27,171.71,251.95,68.85,-54.93,-69.89,7.26,0.49,0,0,1,0,0
459295744,98359,29.77,122.82,-116.33,55.64,170.75,257.81,60.79,-50.54,-70.01,7.08,0.67,0,0,1,0,0
459306080,98359,29.77,122.82,-116.53,55.02,169.79,260.01,56.4,-35.16,-70.01,6.71,0.85,0,0,1,0,0
459316548,98359,29.77,122.82,-116.7,54.38,168.87,265.14,41.02,-14.65,-70.13,6.41,1.04,0,0,1,0,0
459326973,98321,29.77,126.07,-116.85,53.75,167.97,263.67,37.35,-10.99,-70.13,6.23,1.22,0,0,1,0,0
459337447,98321,29.77,126.07,-117.05,53.13,167.01,257.81,36.62,12.45,-70.13,5.49,1.59,0,0,1,0,0
459347813,98321,29.77,126.07,-117.2,52.51,166.12,262.94,31.49,3.66,-70.01,4.76,1.77,0,0,1,0,0
459358292,98321,29.77,126.07,-117.37,51.89,165.2,260.74,35.16,10.99,-69.64,4.64,1.71,0,0,1,0,0
459368657,98321,29.77,126.07,-117.53,51.28,164.29,262.94,33.69,14.65,-69.82,4.46,1.71,0,0,1,0,0
459379096,98277,29.77,129.82,-117.68,50.67,163.39,268.07,31.49,14.65,-70.01,4.15,1.71,0,0,1,0,0
459389590,98277,29.77,129.82,-117.84,50.05,162.47,273.19,29.3,26.37,-70.25,3.72,1.65,0,0,1,0,0
459399964,98277,29.77,129.82,-117.99,49.46,161.55,268.07,37.35,16.11,-70.62,2.62,1.28,0,0,1,0,0
459410466,98277,29.77,129.82,-118.17,48.88,160.6,268.8,31.49,36.62,-70.68,1.4,1.22,0,0,1,0,0
459420864,98277,29.77,129.82,-118.35,48.31,159.66,265.87,32.23,36.62,-70.56,0.85,1.16,0,0,1,0,0
459431302,98238,29.77,133.15,-118.55,47.74,158.67,275.39,39.55,45.41,-70.5,0.67,0.92,0,0,1,0,0
459441815,98238,29.77,133.15,-118.64,47.16,157.84,258.54,30.76,-8.79,-70.01,0.18,0.73,0,0,1,0,0
459452199,98238,29.77,133.15,-118.77,46.6,156.97,274.66,43.95,-5.13,-69.64,-0.85,0.73,0,0,1,0,0
459462516,98238,29.77,133.15,-118.86,46.04,156.16,262.94,32.96,-13.92,-69.58,-1.65,0.73,0,0,1,0,0
459472925,98238,29.77,133.15,-118.93,45.47,155.37,265.87,29.3,-18.31,-69.46,-1.83,0.67,0,0,1,0,0
459483329,98199,29.76,136.48,-118.98,44.91,154.61,268.8,27.1,-24.17,-69.15,-1.77,0.49,0,0,1,0,0
459493786,98199,29.76,136.48,-119.02,44.35,153.84,267.33,24.9,-24.17,-69.64,-2.14,0.37,0,0,1,0,0
459504203,98199,29.76,136.48,-119.08,43.79,153.06,270.26,35.89,-32.96,-70.01,-2.32,0.31,0,0,1,0,0
459514686,98199,29.76,136.48,-119.13,43.22,152.29,267.33,35.16,-36.62,-69.89,-2.14,0.31,0,0,1,0,0
459525136,98199,29.76,136.48,-119.17,42.66,151.52,260.01,37.35,-37.35,-70.19,-1.95,0.12,0,0,1,0,0
459535512,98161,29.77,139.72,-119.19,42.1,150.79,266.6,29.3,-47.61,-70.37,-2.44,-0.18,0,0,1,0,0
459545968,98161,29.77,139.72,-119.22,41.55,150.04,260.01,30.76,-37.35,-70.56,-2.62,-0.37,0,0,1,0,0
459556460,98161,29.77,139.72,-119.26,40.99,149.26,262.94,43.95,-41.75,-70.5,-2.69,-0.49,0,0,1,0,0
459566946,98161,29.77,139.72,-119.32,40.44,148.47,260.01,47.61,-39.55,-70.56,-2.93,-0.61,0,0,1,0,0
459577382,98161,29.77,139.72,-119.38,39.89,147.66,260.74,54.2,-38.09,-70.68,-2.93,-0.67,0,0,1,0,0
459587769,98127,29.77,142.62,-119.42,39.34,146.89,251.95,53.47,-52,-70.68,-2.81,-0.61,0,0,1,0,0
459598269,98127,29.77,142.62,-119.46,38.78,146.13,251.22,42.48,-43.21,-70.56,-3.05,-0.49,0,0,1,0,0
459608782,98127,29.77,142.62,-119.49,38.23,145.37,254.88,41.75,-46.14,-70.19,-3.23,-0.55,0,0,1,0,0
459619098,98127,29.77,142.62,-119.53,37.69,144.62,254.88,53.47,-52,-70.07,-3.3,-0.55,0,0,1,0,0
459629421,98127,29.77,142.62,-119.57,37.14,143.86,254.88,57.13,-51.27,-70.43,-3.3,-0.55,0,0,1,0,0
459639834,98091,29.77,145.7,-119.6,36.59,143.11,246.83,55.66,-60.06,-70.56,-2.93,-0.61,0,0,1,0,0
459650322,98091,29.77,145.7,-119.63,36.04,142.35,247.56,56.4,-61.52,-70.92,-3.11,-0.55,0,0,1,0,0
459660651,98091,29.77,145.7,-119.66,35.49,141.6,250.49,39.55,-35.89,-71.17,-3.3,-0.49,0,0,1,0,0
459670976,98091,29.77,145.7,-119.68,34.94,140.87,244.63,48.34,-54.2,-71.23,-3.36,-0.55,0,0,1,0,0
459681308,98091,29.77,145.7,-119.69,34.4,140.15,248.29,49.8,-64.45,-71.53,-3.36,-0.61,0,0,1,0,0
459691752,98059,29.77,148.44,-119.73,33.85,139.37,243.9,49.8,-41.02,-71.72,-3.42,-0.67,0,0,1,0,0
459702090,98059,29.77,148.44,-119.76,33.31,138.63,240.23,62.26,-63.72,-71.47,-3.66,-0.61,0,0,1,0,0
459712447,98059,29.77,148.44,-119.79,32.76,137.89,249.02,63.72,-62.26,-71.04,-3.97,-0.55,0,0,1,0,0
459722796,98059,29.77,148.44,-119.82,32.22,137.16,245.36,72.51,-77.64,-70.98,-4.03,-0.61,0,0,1,0,0
459733148,98059,29.77,148.44,-119.83,31.68,136.45,237.3,65.19,-80.57,-71.04,-3.85,-0.49,0,0,1,0,0
459743488,98021,29.77,151.69,-119.84,31.13,135.76,241.7,71.04,-92.29,-70.8,-3.91,-0.43,0,0,1,0,0
459753929,98021,29.77,151.69,-119.84,30.58,135.07,232.18,79.83,-104,-70.37,-3.66,-0.31,0,0,1,0,0
459768448,98021,29.77,151.69,-119.83,29.81,134.14,236.57,67.38,-101.07,-70.31,-3.42,-0.18,0,0,1,0,0
459778942,98021,29.77,151.69,-119.81,29.25,133.48,240.97,61.52,-98.88,-70.37,-3.23,-0.18,0,0,1,0,0
459789293,98021,29.77,151.69,-119.8,28.69,132.83,231.45,68.12,-101.07,-70.25,-2.81,0.12,0,0,1,0,0
459799749,97987,29.78,154.59,-119.79,28.13,132.18,236.57,66.65,-99.61,-70.01,-2.5,0.31,0,0,1,0,0
459810108,97987,29.78,154.59,-119.77,27.57,131.55,240.23,61.52,-102.54,-69.82,-2.62,0.67,0,0,1,0,0
459820494,97987,29.78,154.59,-119.76,27.01,130.93,236.57,67.38,-107.67,-69.34,-2.32,0.92,0,0,1,0,0
459830859,97987,29.78,154.59,-119.73,26.44,130.33,232.18,60.79,-108.4,-68.91,-1.95,1.04,0,0,1,0,0
459841246,97987,29.78,154.59,-119.69,25.88,129.76,233.64,50.54,-112.79,-68.42,-1.83,1.22,0,0,1,0,0
459851695,97951,29.78,157.67,-119.68,25.6,129.14,236.57,53.47,-128.17,-67.93,-1.71,1.4,0,0,1,0,0
459862057,97951,29.78,157.67,-119.66,25.32,128.55,231.45,31.49,-139.89,-67.63,-1.28,1.4,0,0,1,0,0
459872471,97951,29.78,157.67,-119.58,24.76,128.07,235.84,23.44,-131.1,-67.44,-0.61,1.65,0,0,1,0,0
459882802,97951,29.78,157.67,-119.55,24.18,127.49,230.71,33.69,-74.71,-67.38,-0.18,1.83,0,0,1,0,0
459893244,97951,29.78,157.67,-119.51,23.6,126.94,235.11,48.34,-106.2,-67.08,0,1.77,0,0,1,0,0
459903657,97918,29.78,160.5,-119.49,23.3,126.33,230.71,46.14,-108.4,-66.71,0.18,1.77,0,0,1,0,0
459914086,97918,29.78,160.5,-119.45,22.71,125.76,225.59,40.28,-79.83,-66.28,0.31,1.83,0,0,1,0,0
459924531,97918,29.78,160.5,-119.44,22.41,125.16,230.71,51.27,-99.61,-65.92,0.43,2.01,0,0,1,0,0
459934844,97918,29.78,160.5,-119.41,22.11,124.57,227.05,57.86,-114.26,-65.37,0.79,2.08,0,0,1,0,0
459945264,97918,29.78,160.5,-119.38,21.51,124,229.25,38.09,-69.58,-65.06,1.04,2.01,0,0,1,0,0
459955671,97883,29.78,163.49,-119.34,20.92,123.46,229.98,46.14,-84.23,-65.06,1.1,2.01,0,0,1,0,0
459966116,97883,29.78,163.49,-119.31,20.62,122.88,221.19,60.79,-120.12,-64.76,1.28,2.01,0,0,1,0,0
459976447,97883,29.78,163.49,-119.28,20.02,122.3,220.46,56.4,-65.19,-64.39,1.59,2.14,0,0,1,0,0
459986911,97883,29.78,163.49,-119.26,19.7,121.7,220.46,50.54,-82.03,-64.09,1.77,2.2,0,0,1,0,0
459997356,97883,29.78,163.49,-119.23,19.4,121.14,220.46,45.41,-112.06,-64.27,1.46,2.32,0,0,1,0,0
460007781,97850,29.78,166.32,-119.2,19.09,120.58,219.73,32.96,-104.74,-63.9,1.34,2.62,0,0,1,0,0
460018241,97850,29.78,166.32,-119.17,18.78,120.03,217.53,35.89,-104.74,-63.23,1.22,2.93,0,0,1,0,0
460028590,97850,29.78,166.32,-119.14,18.48,119.5,223.39,41.02,-117.92,-62.81,1.22,3.05,0,0,1,0,0
460039072,97850,29.78,166.32,-119.11,18.17,118.97,217.53,34.42,-127.44,-62.5,1.59,3.3,0,0,1,0,0
460049510,97850,29.78,166.32,-119.08,17.85,118.44,218.99,27.1,-103.27,-62.19,1.71,3.54,0,0,1,0,0
460059949,97815,29.78,169.31,-119,17.27,118.04,218.26,17.58,-111.33,-61.77,2.32,3.11,0,0,1,0,0
460070434,97815,29.78,169.31,-118.92,16.7,117.65,223.39,10.99,-117.92,-61.4,2.56,3.23,0,0,1,0,0
460080809,97815,29.78,169.31,-118.87,16.4,117.18,214.6,4.39,-132.57,-60.97,3.05,3.23,0,0,1,0,0
460091318,97815,29.78,169.31,-118.81,16.1,116.71,216.06,0,-143.55,-60.85,3.17,3.11,0,0,1,0,0
460101745,97815,29.78,169.31,-118.71,15.55,116.4,218.26,-8.79,-137.7,-60.79,3.3,2.87,0,0,1,0,0
460154165,97778,29.78,172.49,-118.33,14.03,114.01,212.4,15.38,-136.96,-60.36,4.46,2.26,0,0,1,0,0
460164618,97778,29.78,172.49,-118.26,13.73,113.55,212.4,5.13,-123.05,-59.81,4.58,2.2,0,0,1,0,0
460175125,97778,29.78,172.49,-118.18,13.43,113.1,212.4,2.2,-134.77,-58.84,5.31,2.2,0,0,1,0,0
460185619,97778,29.78,172.49,-118.1,13.13,112.66,206.54,16.85,-131.1,-58.72,5.8,1.89,0,0,1,0,0
460196129,97778,29.78,172.49,-118.01,12.83,112.19,208.74,18.31,-114.26,-58.65,6.16,1.53,0,0,1,0,0
460206535,97734,29.77,176.26,-117.93,12.54,111.76,209.47,19.78,-136.23,-58.23,6.35,1.4,0,0,1,0,0
460216851,97734,29.77,176.26,-117.84,12.24,111.32,204.35,16.85,-117.19,-57.98,6.41,1.4,0,0,1,0,0
460227178,97734,29.77,176.26,-117.75,11.95,110.88,203.61,26.37,-125.24,-57.56,6.71,1.28,0,0,1,0,0
460237496,97734,29.77,176.26,-117.66,11.65,110.45,202.88,28.56,-114.99,-57.01,7.14,1.22,0,0,1,0,0
460247820,97734,29.77,176.26,-117.57,11.35,110.01,203.61,26.37,-106.93,-56.58,7.57,1.4,0,0,1,0,0
460258232,97699,29.76,179.25,-117.48,11.05,109.57,200.68,46.14,-116.46,-56.03,7.69,1.59,0,0,1,0,0
460268563,97699,29.76,179.25,-117.39,10.74,109.12,199.22,43.95,-86.43,-55.73,8,1.4,0,0,1,0,0
460278916,97699,29.76,179.25,-117.29,10.43,108.66,196.29,38.82,-83.5,-55.48,8.24,1.22,0,0,1,0,0
460289231,97699,29.76,179.25,-117.2,10.11,108.21,197.75,40.28,-78.37,-55.24,8.48,1.34,0,0,1,0,0
460299573,97699,29.76,179.25,-117.11,9.79,107.71,198.49,55.66,-59.33,-55.6,8.61,1.59,0,0,1,0,0
460310013,97659,29.76,182.68,-117.03,9.47,107.2,196.29,71.78,-49.8,-55.66,8.48,2.14,0,0,1,0,0
460320360,97659,29.76,182.68,-116.95,9.14,106.67,191.89,76.17,-38.09,-55.36,8.42,2.32,0,0,1,0,0
460330728,97659,29.76,182.68,-116.87,8.81,106.14,191.89,76.9,-30.76,-55.3,8.42,2.56,0,0,1,0,0
460341084,97659,29.76,182.68,-116.8,8.48,105.6,188.96,59.33,-19.04,-55.18,8.3,2.87,0,0,1,0,0
460351473,97659,29.76,182.68,-116.72,8.14,105.08,186.77,42.48,-28.56,-55.11,7.81,3.17,0,0,1,0,0
460361791,97623,29.76,185.77,-116.65,7.81,104.6,189.7,38.09,-52,-54.75,7.32,3.3,0,0,1,0,0
460372237,97623,29.76,185.77,-116.58,7.47,104.1,191.89,37.35,-41.02,-54.44,6.96,3.42,0,0,1,0,0
460385563,97623,29.76,185.77,-116.5,7.03,103.44,188.23,31.49,-32.23,-54.57,6.53,3.72,0,0,1,0,0
460395899,97623,29.76,185.77,-116.44,6.71,102.97,188.96,45.41,-62.99,-54.38,6.16,3.78,0,0,1,0,0
460406329,97623,29.76,185.77,-116.38,6.38,102.5,186.77,39.55,-58.59,-54.08,5.92,3.78,0,0,1,0,0
460416791,97589,29.76,188.69,-116.33,6.04,102,188.96,35.89,-34.42,-53.83,5.62,3.85,0,0,1,0,0
460427224,97589,29.76,188.69,-116.27,5.71,101.53,188.23,39.55,-53.47,-53.53,5.49,3.85,0,0,1,0,0
460437650,97589,29.76,188.69,-116.22,5.38,101.05,186.77,43.95,-53.47,-53.47,5.49,4.03,0,0,1,0,0
460448047,97589,29.76,188.69,-116.17,5.05,100.55,183.84,37.35,-29.3,-53.53,5.55,4.21,0,0,1,0,0
460458488,97589,29.76,188.69,-116.11,4.71,100.07,180.91,34.42,-46.88,-53.47,5.49,4.33,0,0,1,0,0
460468966,97554,29.76,191.69,-116.07,4.37,99.55,186.04,38.82,-20.51,-53.41,5.31,4.33,0,0,1,0,0
460479429,97554,29.76,191.69,-116.02,4.03,99.04,184.57,52,-26.37,-53.53,5.19,4.39,0,0,1,0,0
460489848,97554,29.76,191.69,-115.97,3.7,98.55,183.84,56.4,-38.82,-53.28,4.58,4.39,0,0,1,0,0
460500253,97554,29.76,191.69,-115.93,3.37,98.03,181.64,46.88,-15.38,-53.1,4.64,4.39,0,0,1,0,0
460510713,97554,29.76,191.69,-115.89,3.03,97.52,180.18,40.28,-24.17,-53.04,4.52,4.46,0,0,1,0,0
460521203,97521,29.77,194.53,-115.85,2.7,97.01,180.91,55.66,-27.1,-53.16,3.91,4.39,0,0,1,0,0
460531700,97521,29.77,194.53,-115.82,2.38,96.49,175.78,65.92,-22.71,-53.28,3.54,4.58,0,0,1,0,0
460542126,97521,29.77,194.53,-115.79,2.05,95.97,183.11,63.72,-20.51,-53.04,3.3,4.88,0,0,1,0,0
460552619,97521,29.77,194.53,-115.76,1.71,95.45,187.5,61.52,-16.85,-53.1,2.93,5.31,0,0,1,0,0
460563105,97521,29.77,194.53,-115.74,1.37,94.9,176.51,57.13,-4.39,-53.28,2.81,5.55,0,0,1,0,0
460573614,97490,29.77,197.19,-115.71,1.03,94.34,170.65,52,5.86,-53.22,2.81,5.68,0,0,1,0,0
460584105,97490,29.77,197.19,-115.69,0.68,93.79,177.25,39.55,2.2,-53.1,2.38,5.8,0,0,1,0,0
460594544,97490,29.77,197.19,-115.68,0.34,93.25,175.05,41.02,1.46,-52.98,1.89,5.92,0,0,1,0,0
460604857,97490,29.77,197.19,-115.67,0,92.75,175.78,57.13,-16.85,-52.49,1.22,5.98,0,0,1,0,0
460615302,97490,29.77,197.19,-115.66,-0.33,92.22,175.78,60.79,-8.79,-52.37,0.98,5.92,0,0,1,0,0
460625698,97458,29.77,199.94,-115.65,-0.67,91.72,171.39,38.82,-14.65,-52.31,0.55,5.86,0,0,1,0,0
460636186,97458,29.77,199.94,-115.65,-1.01,91.18,170.65,45.41,4.39,-52.19,0.24,5.8,0,0,1,0,0
460646551,97458,29.77,199.94,-115.65,-1.34,90.66,173.58,64.45,-5.86,-52.06,0.12,5.92,0,0,1,0,0
460657055,97458,29.77,199.94,-115.65,-1.67,90.13,169.19,61.52,-2.2,-52.06,-0.12,5.98,0,0,1,0,0
460667419,97458,29.77,199.94,-115.65,-2.01,89.6,172.85,55.66,7.32,-51.82,-0.24,6.1,0,0,1,0,0
460677822,97426,29.77,202.69,-115.66,-2.35,89.08,174.32,46.88,0.73,-51.64,-0.61,6.16,0,0,1,0,0
460688293,97426,29.77,202.69,-115.67,-2.68,88.57,167.72,57.13,-10.99,-51.51,-1.34,6.35,0,0,1,0,0
460698672,97426,29.77,202.69,-115.68,-3.02,88.05,165.53,48.34,4.39,-51.45,-1.71,6.53,0,0,1,0,0
460709187,97426,29.77,202.69,-115.7,-3.37,87.54,166.26,40.28,-5.86,-51.27,-2.01,6.65,0,0,1,0,0
460719573,97426,29.77,202.69,-115.72,-3.72,87.04,166.26,30.76,-10.99,-51.15,-2.5,6.71,0,0,1,0,0
460729999,97397,29.77,205.18,-115.75,-4.06,86.57,166.99,43.21,-21.24,-51.09,-2.93,6.71,0,0,1,0,0
460740390,97397,29.77,205.18,-115.78,-4.4,86.1,169.92,43.95,-23.44,-50.9,-3.3,6.59,0,0,1,0,0
460750745,97397,29.77,205.18,-115.81,-4.75,85.6,164.06,35.16,-2.2,-50.96,-3.36,6.47,0,0,1,0,0
460761083,97397,29.77,205.18,-115.84,-5.09,85.15,168.46,32.23,-32.96,-51.03,-3.48,6.41,0,0,1,0,0
460771490,97397,29.77,205.18,-115.88,-5.42,84.71,165.53,41.02,-42.48,-51.09,-3.91,6.41,0,0,1,0,0
460781922,97369,29.77,207.59,-115.92,-5.76,84.26,159.67,38.09,-31.49,-50.78,-4.15,6.41,0,0,1,0,0
460792328,97369,29.77,207.59,-115.96,-6.1,83.82,165.53,32.23,-39.55,-50.78,-4.39,6.47,0,0,1,0,0
460802701,97369,29.77,207.59,-116.01,-6.44,83.39,161.87,34.42,-42.48,-50.72,-4.52,6.47,0,0,1,0,0
460813028,97369,29.77,207.59,-116.06,-6.77,82.98,161.13,42.48,-50.54,-50.66,-4.7,6.53,0,0,1,0,0
460823447,97369,29.77,207.59,-116.11,-7.1,82.55,162.6,38.82,-41.75,-50.72,-4.88,6.47,0,0,1,0,0
460833904,97338,29.77,210.25,-116.16,-7.43,82.13,164.06,43.21,-49.07,-50.9,-4.64,6.23,0,0,1,0,0
460844325,97338,29.77,210.25,-116.21,-7.76,81.72,161.13,46.14,-54.93,-51.15,-4.46,6.16,0,0,1,0,0
460854715,97338,29.77,210.25,-116.25,-8.08,81.3,159.67,46.88,-46.14,-50.42,-4.27,6.1,0,0,1,0,0
460865149,97338,29.77,210.25,-116.29,-8.4,80.87,156.74,51.27,-37.35,-50.23,-4.33,5.98,0,0,1,0,0
460875557,97338,29.77,210.25,-116.34,-8.71,80.46,150.88,63.72,-42.48,-50.29,-4.21,5.98,0,0,1,0,0
460886041,97309,29.77,212.75,-116.38,-9.04,80.02,159.67,52,-30.03,-50.35,-4.15,6.16,0,0,1,0,0
460896479,97309,29.77,212.75,-116.42,-9.36,79.6,153.81,46.14,-44.68,-50.72,-4.03,6.23,0,0,1,0,0
460906882,97309,29.77,212.75,-116.46,-9.69,79.16,153.08,50.54,-32.96,-51.09,-3.97,6.41,0,0,1,0,0
460917324,97309,29.77,212.75,-116.5,-10.02,78.69,156.01,47.61,-16.11,-51.03,-4.03,6.35,0,0,1,0,0
460927748,97309,29.77,212.75,-116.54,-10.34,78.26,150.88,49.8,-36.62,-51.09,-4.15,6.35,0,0,1,0,0
460938093,97280,29.77,215.24,-116.58,-10.66,77.84,150.15,50.54,-33.69,-50.78,-4.27,6.53,0,0,1,0,0
460948413,97280,29.77,215.24,-116.63,-10.99,77.43,153.08,43.95,-45.41,-50.48,-4.52,6.53,0,0,1,0,0
460962565,97280,29.77,215.24,-116.69,-11.43,76.85,150.15,52,-32.96,-50.78,-4.82,6.53,0,0,1,0,0
460972985,97280,29.77,215.24,-116.74,-11.75,76.43,146.48,45.41,-42.48,-50.84,-4.76,6.53,0,0,1,0,0
460983425,97280,29.77,215.24,-116.8,-12.07,76.03,150.88,50.54,-48.34,-50.48,-4.82,6.41,0,0,1,0,0
460993755,97254,29.78,217.48,-116.84,-12.38,75.6,152.34,63.72,-21.24,-50.29,-4.88,6.41,0,0,1,0,0
461004183,97254,29.78,217.48,-116.89,-12.7,75.2,148.68,52,-43.21,-50.23,-4.76,6.53,0,0,1,0,0
461014595,97254,29.78,217.48,-116.95,-13.02,74.82,148.68,49.07,-57.86,-50.29,-4.88,6.53,0,0,1,0,0
461025061,97254,29.78,217.48,-116.99,-13.34,74.37,147.22,58.59,-16.11,-50.11,-5,6.59,0,0,1,0,0
461035493,97254,29.78,217.48,-117.04,-13.66,73.96,147.22,57.13,-35.89,-49.99,-4.88,6.77,0,0,1,0,0
461045860,97226,29.78,219.89,-117.1,-13.98,73.58,147.95,43.95,-54.2,-49.99,-4.7,7.02,0,0,1,0,0
461056342,97226,29.78,219.89,-117.14,-14.32,73.14,149.41,44.68,-18.31,-50.05,-5,7.2,0,0,1,0,0
461066818,97226,29.78,219.89,-117.19,-14.66,72.72,149.41,39.55,-32.96,-50.17,-5.25,7.32,0,0,1,0,0
461077285,97226,29.78,219.89,-117.25,-15,72.34,148.68,31.49,-62.99,-49.99,-5.25,7.45,0,0,1,0,0
461087768,97226,29.78,219.89,-117.3,-15.34,71.93,147.95,34.42,-35.16,-50.05,-4.94,7.39,0,0,1,0,0
461098132,97201,29.78,222.04,-117.34,-15.68,71.49,145.02,33.69,-23.44,-50.29,-5,7.32,0,0,1,0,0
461108590,97201,29.78,222.04,-117.39,-16.03,71.07,152.34,26.37,-38.09,-50.42,-5.13,7.26,0,0,1,0,0
461119082,97201,29.78,222.04,-117.45,-16.37,70.69,147.95,30.03,-56.4,-50.17,-5.25,7.26,0,0,1,0,0
461129570,97201,29.78,222.04,-117.51,-16.71,70.32,143.55,26.37,-65.19,-49.99,-5.49,7.39,0,0,1,0,0
461139998,97201,29.78,222.04,-117.57,-17.06,69.93,142.09,19.78,-49.07,-49.56,-5.62,7.26,0,0,1,0,0
461152551,97172,29.78,224.54,-117.65,-17.47,69.48,143.55,21.24,-55.66,-49.19,-5.74,7.14,0,0,1,0,0
461163007,97172,29.78,224.54,-117.72,-17.81,69.13,136.23,21.97,-62.26,-48.83,-5.68,7.08,0,0,1,0,0
461173494,97172,29.78,224.54,-117.79,-18.15,68.78,136.96,21.24,-63.72,-48.4,-5.43,7.02,0,0,1,0,0
461183984,97172,29.78,224.54,-117.86,-18.49,68.44,142.09,13.92,-79.1,-48.22,-5.25,7.08,0,0,1,0,0
461194474,97172,29.78,224.54,-117.93,-18.82,68.12,136.96,11.72,-86.43,-48.03,-5.19,6.9,0,0,1,0,0
461204869,97143,29.78,227.03,-118.02,-19.13,67.83,140.62,9.52,-115.72,-48.03,-5.25,6.65,0,0,1,0,0
461215358,97143,29.78,227.03,-118.18,-19.65,67.75,139.89,-4.39,-145.75,-48.22,-5.19,6.23,0,0,1,0,0
461225866,97143,29.78,227.03,-118.34,-20.18,67.66,137.7,-1.46,-129.64,-48.4,-5.25,5.98,0,0,1,0,0
461236378,97143,29.78,227.03,-118.42,-20.5,67.34,136.23,-8.79,-103.27,-48.46,-4.82,5.8,0,0,1,0,0
461246694,97143,29.78,227.03,-118.51,-20.78,67.07,134.77,9.52,-136.23,-48.58,-4.39,5.62,0,0,1,0,0
461257120,97115,29.78,229.44,-118.6,-21.05,66.8,131.84,22.71,-132.57,-48.65,-3.97,5.43,0,0,1,0,0
461267617,97115,29.78,229.44,-118.69,-21.33,66.51,128.91,26.37,-109.86,-48.52,-3.72,5.19,0,0,1,0,0
461277940,97115,29.78,229.44,-118.78,-21.6,66.25,131.84,29.3,-124.51,-48.1,-3.3,5.13,0,0,1,0,0
461288269,97115,29.78,229.44,-118.86,-21.86,66,131.84,28.56,-141.36,-47.55,-2.93,5.37,0,0,1,0,0
461298603,97115,29.78,229.44,-118.94,-22.12,65.74,134.03,23.44,-135.5,-47.42,-2.56,5.43,0,0,1,0,0
461309048,97089,29.78,231.69,-119.02,-22.39,65.47,128.17,13.18,-132.57,-47.24,-2.14,5.31,0,0,1,0,0
461319564,97089,29.78,231.69,-119.1,-22.66,65.21,129.64,9.52,-144.29,-47.06,-1.59,5.43,0,0,1,0,0
461329906,97089,29.78,231.69,-119.16,-22.91,64.95,125.98,14.65,-138.43,-46.94,-0.49,5.25,0,0,1,0,0
461340270,97089,29.78,231.69,-119.22,-23.17,64.68,129.64,21.24,-128.17,-47.06,-0.31,4.94,0,0,1,0,0
461350622,97089,29.78,231.69,-119.29,-23.41,64.42,125.24,20.51,-145.02,-47,0.12,4.82,0,0,1,0,0
461361053,97065,29.78,233.75,-119.34,-23.67,64.15,131.1,12.45,-138.43,-46.81,0.61,5,0,0,1,0,0
461371408,97065,29.78,233.75,-119.39,-23.93,63.87,134.77,8.06,-128.91,-46.69,0.98,5,0,0,1,0,0
461381781,97065,29.78,233.75,-119.43,-24.18,63.59,132.57,21.24,-122.31,-46.63,1.59,4.94,0,0,1,0,0
461392157,97065,29.78,233.75,-119.48,-24.42,63.33,132.57,19.78,-144.29,-46.45,2.32,4.94,0,0,1,0,0
461402536,97065,29.78,233.75,-119.51,-24.68,63.04,128.17,6.59,-123.05,-46.08,2.93,5.13,0,0,1,0,0
461413032,97037,29.78,236.17,-119.52,-24.94,62.73,129.64,11.72,-100.34,-46.08,3.85,4.94,0,0,1,0,0
461423390,97037,29.78,236.17,-119.53,-25.19,62.43,133.3,19.04,-106.93,-46.14,4.27,4.52,0,0,1,0,0
461433723,97037,29.78,236.17,-119.55,-25.43,62.14,128.17,19.04,-106.2,-46.26,4.21,4.21,0,0,1,0,0
461482168,97012,29.78,238.32,-119.5,-26.56,60.55,127.44,33.69,-71.78,-46.2,5.74,4.46,0,0,1,0,0
461492513,97012,29.78,238.32,-119.49,-26.8,60.22,120.12,25.63,-71.04,-45.78,5.92,4.58,0,0,1,0,0
461502911,97012,29.78,238.32,-119.48,-27.05,59.88,122.31,22.71,-71.78,-45.47,6.04,4.76,0,0,1,0,0
461513266,97012,29.78,238.32,-119.47,-27.28,59.55,120.85,32.23,-65.19,-45.41,5.98,4.88,0,0,1,0,0
461523631,97012,29.78,238.32,-119.46,-27.52,59.22,122.31,27.83,-68.12,-45.29,6.16,4.94,0,0,1,0,0
461533963,96988,29.78,240.39,-119.44,-27.77,58.89,123.05,21.24,-69.58,-44.86,6.47,5,0,0,1,0,0
461544369,96988,29.78,240.39,-119.43,-28,58.59,116.46,34.42,-78.37,-44.56,6.47,5,0,0,1,0,0
461554724,96988,29.78,240.39,-119.42,-28.24,58.26,123.05,27.83,-62.99,-44.43,6.35,5.13,0,0,1,0,0
461565037,96988,29.78,240.39,-119.39,-28.48,57.92,118.65,24.9,-58.59,-44.37,6.29,5.37,0,0,1,0,0
461578507,96988,29.78,240.39,-119.34,-28.82,57.43,117.92,16.85,-43.21,-44.19,6.29,5.68,0,0,1,0,0
461588845,96963,29.78,242.55,-119.29,-29.08,57.05,120.12,16.11,-41.02,-44.37,6.47,5.86,0,0,1,0,0
461599275,96963,29.78,242.55,-119.26,-29.34,56.68,120.85,21.97,-46.88,-44.62,6.35,5.86,0,0,1,0,0
461609734,96963,29.78,242.55,-119.22,-29.6,56.3,121.58,16.11,-44.68,-44.56,6.23,5.92,0,0,1,0,0
461620234,96963,29.78,242.55,-119.17,-29.87,55.9,114.99,13.92,-35.89,-44.25,6.47,5.92,0,0,1,0,0
461630721,96963,29.78,242.55,-119.11,-30.13,55.5,117.19,15.38,-32.96,-43.88,6.53,5.8,0,0,1,0,0
461641118,96936,29.78,244.88,-119.06,-30.38,55.1,114.99,18.31,-29.3,-43.7,6.65,5.92,0,0,1,0,0
461651517,96936,29.78,244.88,-119,-30.63,54.7,113.53,21.24,-27.1,-43.7,6.53,5.98,0,0,1,0,0
461661852,96936,29.78,244.88,-118.93,-30.88,54.28,112.79,16.85,-15.38,-44.01,6.23,5.92,0,0,1,0,0
461672258,96936,29.78,244.88,-118.86,-31.12,53.83,114.26,21.24,-6.59,-44.13,6.16,5.98,0,0,1,0,0
461682607,96936,29.78,244.88,-118.78,-31.34,53.38,114.26,25.63,0,-44.01,6.04,5.98,0,0,1,0,0
461693024,96911,29.78,247.04,-118.7,-31.55,52.91,111.33,32.96,13.92,-44.07,5.62,5.74,0,0,1,0,0
461703440,96911,29.78,247.04,-118.61,-31.75,52.42,111.33,30.76,19.78,-44.19,5.49,5.74,0,0,1,0,0
461713796,96911,29.78,247.04,-118.53,-31.96,51.96,99.61,26.37,6.59,-44.37,5.55,5.86,0,0,1,0,0
461724206,96911,29.78,247.04,-118.44,-32.18,51.47,111.33,22.71,15.38,-44.43,5.07,6.1,0,0,1,0,0
461734567,96911,29.78,247.04,-118.36,-32.41,50.98,118.65,19.78,14.65,-44.56,3.91,6.1,0,0,1,0,0
461745004,96888,29.78,249.02,-118.28,-32.66,50.48,112.79,11.72,8.06,-44.98,3.85,6.1,0,0,1,0,0
461755429,96888,29.78,249.02,-118.2,-32.9,49.98,104.74,11.72,8.06,-45.29,3.91,6.29,0,0,1,0,0
461765789,96888,29.78,249.02,-118.11,-33.12,49.48,105.47,20.51,15.38,-45.23,3.91,6.41,0,0,1,0,0
461776225,96888,29.78,249.02,-118,-33.33,48.93,112.79,16.11,36.62,-45.17,3.48,6.29,0,0,1,0,0
461786618,96888,29.78,249.02,-117.89,-33.51,48.37,102.54,19.04,44.68,-45.17,2.75,5.86,0,0,1,0,0
461797054,96865,29.78,251.01,-117.76,-33.67,47.74,139.89,14.65,99.61,-45.1,1.77,5.49,0,0,1,0,0
461807494,96865,29.78,251.01,-117.6,-33.72,47.07,82.03,21.97,128.17,-45.1,1.22,5.43,0,0,1,0,0
461817877,96865,29.78,251.01,-117.43,-33.81,46.39,109.86,5.13,147.22,-44.98,1.4,6.04,0,0,1,0,0
461828322,96865,29.78,251.01,-117.3,-33.98,45.76,114.26,2.2,76.17,-44.98,0.73,5.92,0,0,1,0,0
461838723,96865,29.78,251.01,-117.21,-34.22,45.2,99.61,-1.46,34.42,-44.8,-0.43,5.55,0,0,1,0,0
461849056,96843,29.78,252.91,-117.16,-34.49,44.72,113.53,4.39,11.72,-44.37,-1.22,5.49,0,0,1,0,0
461859463,96843,29.78,252.91,-117.14,-34.78,44.28,104.74,3.66,-10.25,-44.07,-1.28,5.49,0,0,1,0,0
461869864,96843,29.78,252.91,-117.09,-35,43.78,106.2,19.78,34.42,-44.98,-1.71,5.37,0,0,1,0,0
461880329,96843,29.78,252.91,-117.04,-35.19,43.27,104,27.1,43.95,-45.23,-2.38,5.31,0,0,1,0,0
461890765,96843,29.78,252.91,-117,-35.41,42.76,104,21.24,38.09,-45.41,-2.99,5.43,0,0,1,0,0
461901116,96819,29.78,254.98,-116.95,-35.63,42.24,101.07,13.18,37.35,-45.59,-3.54,5.43,0,0,1,0,0
461911556,96819,29.78,254.98,-116.92,-35.9,41.75,104,10.99,17.58,-45.84,-3.85,5.37,0,0,1,0,0
461921989,96819,29.78,254.98,-116.89,-36.14,41.24,93.75,13.92,28.56,-46.26,-4.09,5.19,0,0,1,0,0
461932467,96819,29.78,254.98,-116.84,-36.38,40.7,105.47,8.06,33.69,-46.94,-4.33,5.13,0,0,1,0,0
461942928,96819,29.78,254.98,-116.8,-36.63,40.16,101.81,4.39,27.83,-47.3,-4.46,5.13,0,0,1,0,0
461953438,96798,29.78,256.79,-116.73,-36.86,39.57,100.34,-1.46,44.68,-47.42,-4.64,4.94,0,0,1,0,0
461963924,96798,29.78,256.79,-116.68,-37.09,39.02,97.41,8.06,40.28,-47.3,-4.88,4.7,0,0,1,0,0
461974374,96798,29.78,256.79,-116.64,-37.29,38.48,98.88,16.85,46.88,-47.36,-5.19,4.39,0,0,1,0,0
461984865,96798,29.78,256.79,-116.61,-37.49,37.93,101.07,15.38,51.27,-47.79,-5.74,3.72,0,0,1,0,0
461995342,96798,29.78,256.79,-116.58,-37.68,37.39,101.81,17.58,56.4,-47.67,-6.1,3.54,0,0,1,0,0
462005672,96779,29.78,258.43,-116.56,-37.85,36.86,100.34,21.97,61.52,-47.42,-6.35,3.48,0,0,1,0,0
462016175,96779,29.78,258.43,-116.54,-38,36.34,100.34,31.49,71.04,-47.36,-6.71,3.54,0,0,1,0,0
462026655,96779,29.78,258.43,-116.55,-38.14,35.85,98.14,42.48,67.38,-47.36,-6.96,3.66,0,0,1,0,0
462037155,96779,29.78,258.43,-116.58,-38.31,35.4,97.41,47.61,49.07,-47.61,-7.39,3.72,0,0,1,0,0
462047652,96779,29.78,258.43,-116.59,-38.52,34.91,99.61,27.1,45.41,-47.97,-7.81,3.91,0,0,1,0,0
462057997,96758,29.78,260.25,-116.58,-38.72,34.4,95.95,21.24,52.73,-48.16,-8.48,4.03,0,0,1,0,0
462068503,96758,29.78,260.25,-116.58,-38.92,33.87,92.29,20.51,54.2,-48.03,-8.97,4.09,0,0,1,0,0
462078987,96758,29.78,260.25,-116.6,-39.16,33.39,96.68,20.51,32.23,-47.91,-9.46,4.15,0,0,1,0,0
462089503,96758,29.78,260.25,-116.61,-39.41,32.9,93.75,16.85,34.42,-47.97,-10.19,4.09,0,0,1,0,0
462100008,96758,29.78,260.25,-116.63,-39.68,32.41,91.55,13.18,31.49,-47.91,-10.68,3.85,0,0,1,0,0
462110410,96736,29.79,262.15,-116.64,-39.93,31.92,92.29,11.72,35.16,-47.97,-11.17,3.72,0,0,1,0,0
462120819,96736,29.79,262.15,-116.66,-40.2,31.43,93.02,9.52,30.76,-47.79,-11.47,3.72,0,0,1,0,0
462135157,96736,29.79,262.15,-116.7,-40.62,30.78,92.29,8.06,19.04,-47.3,-12.21,3.85,0,0,1,0,0
462145662,96736,29.79,262.15,-116.75,-40.97,30.34,90.82,2.2,-1.46,-47.12,-12.51,3.85,0,0,1,0,0
462156007,96736,29.79,262.15,-116.8,-41.29,29.91,88.62,8.79,7.32,-46.94,-12.76,3.66,0,0,1,0,0
462166444,96715,29.79,263.96,-116.86,-41.63,29.48,98.88,7.32,3.66,-46.94,-13.18,3.36,0,0,1,0,0
462176805,96715,29.79,263.96,-116.93,-42,29.06,92.29,0,-8.06,-46.94,-13.49,3.11,0,0,1,0,0
462187164,96715,29.79,263.96,-117.01,-42.37,28.67,84.96,2.93,-15.38,-46.69,-13.37,2.93,0,0,1,0,0
462197529,96715,29.79,263.96,-117.08,-42.74,28.27,88.62,-2.93,-18.31,-46.51,-13.49,2.69,0,0,1,0,0
462207911,96715,29.79,263.96,-117.17,-43.13,27.88,87.89,-1.46,-21.97,-46.63,-13.92,2.38,0,0,1,0,0
462218362,96692,29.79,265.95,-117.27,-43.51,27.49,91.55,0.73,-23.44,-46.88,-14.1,2.01,0,0,1,0,0
462228762,96692,29.79,265.95,-117.39,-43.88,27.15,87.89,8.79,-21.24,-46.63,-13.79,1.65,0,0,1,0,0
462239150,96692,29.79,265.95,-117.52,-44.23,26.83,90.09,17.58,-17.58,-46.08,-13.55,1.71,0,0,1,0,0
462249537,96692,29.79,265.95,-117.68,-44.58,26.55,87.89,22.71,-27.1,-45.53,-13.37,1.77,0,0,1,0,0
462259939,96692,29.79,265.95,-117.89,-44.91,26.35,87.89,41.75,-43.21,-45.72,-12.82,2.01,0,0,1,0,0
462270407,96671,29.78,267.77,-118.12,-45.24,26.17,86.43,52.73,-55.66,-46.08,-12.27,2.08,0,0,1,0,0
462280824,96671,29.78,267.77,-118.32,-45.57,25.95,90.82,40.28,-43.21,-46.2,-12.21,1.89,0,0,1,0,0
462291203,96671,29.78,267.77,-118.47,-45.88,25.65,88.62,24.9,-13.92,-46.2,-12.27,1.77,0,0,1,0,0
462301596,96671,29.78,267.77,-118.59,-46.21,25.32,86.43,16.11,-13.18,-46.26,-12.27,1.71,0,0,1,0,0
462311993,96671,29.78,267.77,-118.7,-46.54,24.97,84.96,12.45,-13.18,-46.2,-12.08,1.77,0,0,1,0,0
462322452,96651,29.79,269.5,-118.78,-46.87,24.59,88.62,7.32,-10.25,-46.08,-11.9,1.71,0,0,1,0,0
462332849,96651,29.79,269.5,-118.9,-47.19,24.24,84.96,13.92,-12.45,-46.14,-11.96,1.65,0,0,1,0,0
462343223,96651,29.79,269.5,-119.05,-47.53,23.95,82.03,19.78,-21.97,-45.9,-12.02,1.46,0,0,1,0,0
462353621,96651,29.79,269.5,-119.23,-47.86,23.7,82.03,24.9,-33.69,-45.72,-12.02,1.4,0,0,1,0,0
462364022,96651,29.79,269.5,-119.4,-48.18,23.45,79.83,27.1,-22.71,-45.59,-11.96,1.4,0,0,1,0,0
462374501,96632,29.78,271.14,-119.57,-48.5,23.17,83.5,24.17,-19.04,-45.78,-12.02,1.34,0,0,1,0,0
462384911,96632,29.78,271.14,-119.74,-48.83,22.91,76.9,23.44,-23.44,-45.78,-12.15,1.22,0,0,1,0,0
462395256,96632,29.78,271.14,-119.91,-49.15,22.64,82.03,24.17,-19.78,-45.84,-12.08,1.34,0,0,1,0,0
462405633,96632,29.78,271.14,-120.09,-49.48,22.39,79.1,25.63,-30.76,-45.84,-12.15,1.34,0,0,1,0,0
462415989,96632,29.78,271.14,-120.27,-49.8,22.13,80.57,24.9,-22.71,-45.96,-12.08,1.28,0,0,1,0,0
462426425,96614,29.78,272.7,-120.45,-50.13,21.87,79.83,24.17,-28.56,-45.9,-11.84,1.22,0,0,1,0,0
462436802,96614,29.78,272.7,-120.63,-50.46,21.62,76.17,22.71,-32.23,-45.9,-11.72,1.34,0,0,1,0,0
462447135,96614,29.78,272.7,-120.79,-50.75,21.35,82.03,27.1,-10.99,-45.9,-11.66,1.34,0,0,1,0,0
462457499,96614,29.78,272.7,-120.99,-51.06,21.12,73.97,28.56,-25.63,-45.84,-11.47,1.46,0,0,1,0,0
462467851,96614,29.78,272.7,-121.19,-51.39,20.89,79.83,28.56,-32.96,-45.59,-11.47,1.4,0,0,1,0,0
462478293,96597,29.78,274.17,-121.41,-51.68,20.69,74.71,34.42,-24.17,-45.59,-11.47,1.16,0,0,1,0,0
462488628,96597,29.78,274.17,-121.62,-51.97,20.47,84.23,37.35,-20.51,-45.72,-11.23,1.1,0,0,1,0,0
462498959,96597,29.78,274.17,-121.82,-52.26,20.24,76.17,29.3,-17.58,-45.65,-11.35,1.04,0,0,1,0,0
462509307,96597,29.78,274.17,-122.04,-52.57,20.04,72.51,30.03,-30.76,-45.65,-11.35,0.98,0,0,1,0,0
462519646,96597,29.78,274.17,-122.26,-52.85,19.84,75.44,36.62,-20.51,-45.84,-10.93,1.22,0,0,1,0,0
462530074,96575,29.79,276.07,-122.49,-53.11,19.65,75.44,40.28,-16.85,-45.53,-10.86,1.46,0,0,1,0,0
462540434,96575,29.79,276.07,-122.74,-53.38,19.49,72.51,44.68,-21.24,-45.47,-10.8,1.65,0,0,1,0,0
462550782,96575,29.79,276.07,-122.99,-53.64,19.33,70.31,44.68,-19.78,-45.96,-10.86,1.89,0,0,1,0,0
462561153,96575,29.79,276.07,-123.24,-53.92,19.15,71.04,41.02,-24.17,-46.63,-10.86,1.95,0,0,1,0,0
462571518,96575,29.79,276.07,-123.47,-54.16,18.95,71.04,41.75,-9.52,-47.06,-10.74,1.77,0,0,1,0,0
462581956,96558,29.79,277.54,-123.72,-54.43,18.76,71.04,39.55,-21.97,-47.36,-10.74,1.59,0,0,1,0,0
462592309,96558,29.79,277.54,-123.96,-54.73,18.58,72.51,38.09,-32.23,-47.36,-10.56,1.59,0,0,1,0,0
462602669,96558,29.79,277.54,-124.21,-54.99,18.39,71.78,41.75,-19.04,-47.24,-10.62,1.77,0,0,1,0,0
462613053,96558,29.79,277.54,-124.48,-55.23,18.23,68.85,46.14,-13.92,-47.42,-10.8,1.77,0,0,1,0,0
462623395,96558,29.79,277.54,-124.76,-55.46,18.08,70.31,52,-14.65,-47.55,-10.99,1.95,0,0,1,0,0
462633845,96539,29.79,279.19,-125.04,-55.76,17.94,71.78,48.34,-38.82,-47.06,-10.99,2.26,0,0,1,0,0
462644224,96539,29.79,279.19,-125.28,-56.07,17.76,72.51,38.82,-38.09,-46.45,-10.99,2.62,0,0,1,0,0
462654593,96539,29.79,279.19,-125.48,-56.38,17.53,72.51,29.3,-29.3,-45.84,-11.17,3.3,0,0,1,0,0
462664992,96539,29.79,279.19,-125.65,-56.7,17.27,70.31,23.44,-29.3,-45.9,-11.35,3.48,0,0,1,0,0
462675364,96539,29.79,279.19,-125.87,-57.03,17.08,67.38,33.69,-39.55,-45.84,-11.41,3.6,0,0,1,0,0
462685748,96523,29.79,280.58,-126.07,-57.36,16.86,69.58,27.83,-39.55,-45.29,-11.41,3.72,0,0,1,0,0
462700229,96523,29.79,280.58,-126.31,-57.86,16.52,68.12,21.24,-46.14,-44.13,-11.11,3.97,0,0,1,0,0
462710581,96523,29.79,280.58,-126.46,-58.2,16.26,71.78,19.78,-39.55,-44.25,-11.05,3.78,0,0,1,0,0
462721001,96523,29.79,280.58,-126.63,-58.55,16.01,64.45,18.31,-39.55,-44.56,-10.68,3.42,0,0,1,0,0
462731371,96523,29.79,280.58,-126.8,-58.87,15.77,66.65,21.24,-36.62,-44.49,-10.25,3.23,0,0,1,0,0
462741865,96506,29.79,282.05,-126.98,-59.21,15.52,64.45,19.78,-38.09,-44.56,-10.13,3.3,0,0,1,0,0
462756813,96506,29.79,282.05,-127.31,-59.68,15.27,66.65,32.96,-50.54,-44.19,-9.64,3.36,0,0,1,0,0
462767280,96506,29.79,282.05,-127.56,-59.99,15.11,65.92,35.16,-43.95,-44.19,-9.64,3.6,0,0,1,0,0
462777729,96506,29.79,282.05,-127.78,-60.29,14.92,65.19,31.49,-32.96,-44.68,-9.83,3.66,0,0,1,0,0
462788187,96506,29.79,282.05,-127.99,-60.58,14.71,65.19,27.83,-24.17,-44.98,-9.83,3.48,0,0,1,0,0
462798538,96489,29.78,283.52,-128.16,-60.87,14.46,68.85,21.97,-26.37,-44.68,-9.58,3.54,0,0,1,0,0
462808975,96489,29.78,283.52,-128.36,-61.16,14.24,68.12,28.56,-28.56,-44.62,-9.4,3.66,0,0,1,0,0
462819472,96489,29.78,283.52,-128.58,-61.44,14.05,67.38,31.49,-25.63,-44.43,-9.28,3.66,0,0,1,0,0
462829927,96489,29.78,283.52,-128.78,-61.71,13.83,63.72,26.37,-20.51,-44.25,-9.22,3.78,0,0,1,0,0
462840369,96489,29.78,283.52,-128.96,-61.98,13.6,66.65,25.63,-19.78,-44.25,-8.97,3.91,0,0,1,0,0
462850748,96473,29.79,284.9,-129.13,-62.24,13.36,65.19,24.9,-17.58,-44.43,-8.73,3.85,0,0,1,0,0
462861195,96473,29.79,284.9,-129.25,-62.46,13.05,65.19,18.31,-3.66,-44.43,-8.73,3.91,0,0,1,0,0
462871517,96473,29.79,284.9,-129.4,-62.68,12.79,60.79,22.71,-3.66,-44.37,-8.97,3.91,0,0,1,0,0
462882002,96473,29.79,284.9,-129.63,-62.92,12.6,61.52,30.76,-13.18,-44.13,-9.03,3.91,0,0,1,0,0
462892468,96473,29.79,284.9,-129.84,-63.15,12.4,62.99,30.03,-11.72,-43.88,-9.09,3.91,0,0,1,0,0
462902871,96455,29.79,286.46,-130,-63.38,12.15,60.79,21.24,-6.59,-43.76,-9.16,3.78,0,0,1,0,0
462913337,96455,29.79,286.46,-130.15,-63.6,11.88,62.99,21.97,-2.93,-43.52,-9.16,3.72,0,0,1,0,0
462923691,96455,29.79,286.46,-130.31,-63.82,11.64,60.79,21.97,-4.39,-43.33,-9.34,3.78,0,0,1,0,0
462934195,96455,29.79,286.46,-130.51,-64.02,11.42,61.52,27.1,-1.46,-43.33,-9.46,3.78,0,0,1,0,0
462944673,96455,29.79,286.46,-130.73,-64.28,11.24,62.99,27.83,-17.58,-42.79,-9.52,3.72,0,0,1,0,0
462955098,96440,29.79,287.76,-130.89,-64.54,10.99,58.59,19.04,-13.18,-42.72,-9.64,3.85,0,0,1,0,0
462965579,96440,29.79,287.76,-131.01,-64.76,10.71,63.72,19.78,-1.46,-43.03,-9.58,4.03,0,0,1,0,0
462975944,96440,29.79,287.76,-131.15,-64.96,10.43,60.79,19.78,0.73,-43.09,-9.4,4.03,0,0,1,0,0
462986426,96440,29.79,287.76,-131.34,-65.16,10.21,58.59,24.9,-1.46,-42.91,-9.7,4.03,0,0,1,0,0
462996832,96440,29.79,287.76,-131.43,-65.43,9.9,63.72,13.92,-13.18,-42.3,-10.07,3.97,0,0,1,0,0
463007313,96424,29.79,289.15,-131.56,-65.67,9.62,61.52,16.85,-7.32,-42.05,-10.01,3.85,0,0,1,0,0
463017823,96424,29.79,289.15,-131.7,-65.88,9.35,57.86,18.31,0.73,-42.54,-10.01,3.85,0,0,1,0,0
463028215,96424,29.79,289.15,-131.87,-66.12,9.12,57.13,20.51,-10.25,-42.66,-10.07,3.91,0,0,1,0,0
463038532,96424,29.79,289.15,-132.06,-66.35,8.91,57.13,21.97,-6.59,-42.42,-10.19,3.97,0,0,1,0,0
463048946,96424,29.79,289.15,-132.25,-66.54,8.7,57.13,24.17,3.66,-42.36,-10.38,3.91,0,0,1,0,0
463059407,96410,29.79,290.36,-132.41,-66.72,8.46,55.66,20.51,4.39,-42.3,-10.5,3.78,0,0,1,0,0
463069722,96410,29.79,290.36,-132.58,-66.93,8.23,57.86,21.24,0,-42.18,-10.38,3.91,0,0,1,0,0
463080140,96410,29.79,290.36,-132.67,-67.14,7.9,57.13,13.18,-0.73,-42.18,-10.5,4.09,0,0,1,0,0
463090465,96410,29.79,290.36,-132.75,-67.37,7.58,60.79,13.92,-2.93,-42.36,-10.44,4.09,0,0,1,0,0
463100900,96410,29.79,290.36,-132.79,-67.58,7.21,58.59,9.52,-0.73,-42.54,-10.13,3.97,0,0,1,0,0
463111318,96398,29.79,291.4,-132.9,-67.77,6.91,60.06,16.85,4.39,-42.42,-9.95,3.97,0,0,1,0,0
463121769,96398,29.79,291.4,-133.06,-67.98,6.66,50.54,16.85,-2.2,-42.3,-10.19,3.97,0,0,1,0,0
463132201,96398,29.79,291.4,-133.11,-68.15,6.3,65.19,13.18,9.52,-42.3,-10.56,3.85,0,0,1,0,0
463142545,96398,29.79,291.4,-133.14,-68.32,5.92,58.59,9.52,10.25,-42.18,-10.62,3.72,0,0,1,0,0
463155545,96398,29.79,291.4,-133.21,-68.5,5.47,54.2,10.99,13.18,-41.99,-10.56,3.6,0,0,1,0,0
463165967,96384,29.79,292.62,-133.27,-68.61,5.12,47.61,10.99,16.85,-41.75,-10.38,3.72,0,0,1,0,0
463176436,96384,29.79,292.62,-133.36,-68.74,4.81,43.95,12.45,13.92,-41.44,-10.8,3.72,0,0,1,0,0
463186851,96384,29.79,292.62,-133.29,-68.82,4.33,57.13,2.2,32.23,-41.2,-11.78,3.3,0,0,1,0,0
463197179,96384,29.79,292.62,-133.2,-68.91,3.82,57.13,-0.73,30.03,-41.32,-12.33,2.99,0,0,1,0,0
463207610,96384,29.79,292.62,-133.07,-69.04,3.27,53.47,-3.66,20.51,-41.02,-12.21,3.17,0,0,1,0,0
463218032,96368,29.8,294,-132.94,-69.26,2.73,55.66,-3.66,1.46,-40.77,-12.02,3.23,0,0,1,0,0
463228494,96368,29.8,294,-132.85,-69.52,2.24,52.73,-1.46,-5.13,-40.65,-12.39,2.93,0,0,1,0,0
463238841,96368,29.8,294,-132.89,-69.74,1.87,53.47,6.59,0.73,-40.71,-12.63,2.62,0,0,1,0,0
463249318,96368,29.8,294,-132.99,-69.9,1.58,56.4,13.18,14.65,-40.59,-12.51,2.44,0,0,1,0,0
463259670,96368,29.8,294,-133.05,-70.12,1.24,50.54,8.06,0.73,-40.53,-12.63,2.5,0,0,1,0,0
463269992,96354,29.8,295.22,-133,-70.36,0.78,52,0.73,-3.66,-40.53,-12.63,2.5,0,0,1,0,0
463283870,96354,29.8,295.22,-132.91,-70.55,0.16,47.61,0.73,15.38,-40.41,-12.63,2.44,0,0,1,0,0
463294199,96354,29.8,295.22,-132.79,-70.68,-0.37,54.2,-3.66,18.31,-40.34,-12.82,2.26,0,0,1,0,0
463304705,96354,29.8,295.22,-132.77,-70.88,-0.79,53.47,2.93,5.86,-39.98,-12.63,2.08,0,0,1,0,0
463315170,96354,29.8,295.22,-132.7,-71.07,-1.27,49.8,0,5.13,-39.98,-12.76,2.01,0,0,1,0,0
463325632,96343,29.8,296.17,-132.7,-71.23,-1.67,51.27,4.39,13.18,-40.16,-12.94,2.08,0,0,1,0,0
463336138,96343,29.8,296.17,-132.68,-71.38,-2.09,46.88,2.93,13.18,-40.22,-13.12,1.95,0,0,1,0,0
463346524,96343,29.8,296.17,-132.61,-71.57,-2.56,46.88,0,5.86,-40.34,-13.06,1.71,0,0,1,0,0
463356851,96343,29.8,296.17,-132.48,-71.74,-3.1,49.07,-3.66,8.06,-40.53,-13.12,1.77,0,0,1,0,0
463367346,96343,29.8,296.17,-132.31,-71.91,-3.68,46.88,-5.13,9.52,-40.59,-13.24,1.77,0,0,1,0,0
463377825,96328,29.8,297.47,-132.19,-72.1,-4.21,50.54,-2.2,5.86,-40.65,-13.43,1.71,0,0,1,0,0
463388157,96328,29.8,297.47,-132.03,-72.26,-4.79,48.34,-5.13,10.25,-40.59,-13.43,1.65,0,0,1,0,0
463398559,96328,29.8,297.47,-131.92,-72.49,-5.3,46.88,-0.73,0,-40.47,-13.49,1.59,0,0,1,0,0
463408903,96328,29.8,297.47,-131.87,-72.71,-5.75,52.73,2.93,0,-40.34,-13.55,1.59,0,0,1,0,0
463419307,96328,29.8,297.47,-131.87,-72.93,-6.14,51.27,4.39,1.46,-39.86,-14.22,0.92,0,0,1,0,0
463429762,96317,29.8,298.43,-131.67,-73.12,-6.75,49.07,-8.06,6.59,-39.92,-14.53,0.12,0,0,1,0,0
463440114,96317,29.8,298.43,-131.44,-73.37,-7.39,46.88,-8.79,-3.66,-40.04,-14.53,-0.43,0,0,1,0,0
463450526,96317,29.8,298.43,-131.15,-73.57,-8.1,46.14,-11.72,2.2,-39.79,-14.53,-0.24,0,0,1,0,0
463460881,96317,29.8,298.43,-130.88,-73.77,-8.77,45.41,-9.52,2.93,-39.25,-14.77,0.06,0,0,1,0,0
463471302,96317,29.8,298.43,-130.5,-74.05,-9.55,49.8,-14.65,-11.72,-39.12,-14.95,-0.55,0,0,1,0,0
463481781,96302,29.8,299.73,-130.08,-74.35,-10.39,46.88,-16.85,-17.58,-39.18,-14.59,-1.46,0,0,1,0,0
463492123,96302,29.8,299.73,-129.34,-74.58,-11.55,48.34,-42.48,-15.38,-39.12,-14.34,-1.59,0,0,1,0,0
463502554,96302,29.8,299.73,-128.39,-74.71,-12.93,46.88,-74.71,0,-38.64,-14.22,-0.92,0,0,1,0,0
463512924,96302,29.8,299.73,-127.34,-74.88,-14.39,40.28,-84.96,-17.58,-38.7,-14.1,-1.22,0,0,1,0,0
463523354,96302,29.8,299.73,-126.47,-75.11,-15.69,49.8,-52,-25.63,-38.94,-14.22,-1.89,0,0,1,0,0
463533850,96286,29.79,301.11,-125.89,-75.37,-16.68,41.02,-18.31,-11.72,-38.94,-14.47,-2.14,0,0,1,0,0
463544297,96286,29.79,301.11,-125.52,-75.66,-17.46,42.48,-8.06,-15.38,-38.82,-14.4,-2.56,0,0,1,0,0
463554709,96286,29.79,301.11,-125.48,-75.94,-17.89,43.21,3.66,-9.52,-38.39,-14.1,-2.99,0,0,1,0,0
463565113,96286,29.79,301.11,-125.44,-76.2,-18.31,43.95,2.93,-5.86,-38.76,-13.98,-3.05,0,0,1,0,0
463575562,96286,29.79,301.11,-125.51,-76.43,-18.63,43.95,5.86,-2.2,-38.94,-13.92,-3.17,0,0,1,0,0
463586061,96274,29.8,302.15,-125.39,-76.69,-19.16,45.41,0,-7.32,-39,-13.79,-3.23,0,0,1,0,0
463596515,96274,29.8,302.15,-125.13,-76.96,-19.82,40.28,-2.93,-10.99,-39.18,-13.67,-3.23,0,0,1,0,0
463606947,96274,29.8,302.15,-124.75,-77.22,-20.6,42.48,-7.32,-11.72,-39.12,-13.43,-3.3,0,0,1,0,0
463617399,96274,29.8,302.15,-124.06,-77.46,-21.71,38.82,-17.58,-14.65,-39.18,-13.49,-3.48,0,0,1,0,0
463627834,96274,29.8,302.15,-123.57,-77.66,-22.61,43.21,-13.18,-4.39,-39.18,-13.61,-3.54,0,0,1,0,0
463638146,96263,29.79,303.11,-123.05,-77.81,-23.53,40.28,-16.11,1.46,-38.88,-13.49,-3.66,0,0,1,0,0
463648623,96263,29.79,303.11,-122.65,-77.94,-24.33,43.21,-13.18,5.13,-38.88,-13.55,-3.78,0,0,1,0,0
463659087,96263,29.79,303.11,-122.17,-78.16,-25.22,38.09,-9.52,-5.86,-38.64,-13.61,-3.97,0,0,1,0,0
463669566,96263,29.79,303.11,-121.53,-78.4,-26.26,38.09,-10.99,-12.45,-38.64,-13.98,-4.09,0,0,1,0,0
463680033,96263,29.79,303.11,-120.82,-78.67,-27.37,38.09,-10.99,-17.58,-38.57,-13.98,-4.27,0,0,1,0,0
463690385,96249,29.79,304.32,-120.19,-78.94,-28.4,41.75,-8.79,-18.31,-38.21,-13.67,-4.46,0,0,1,0,0
463700869,96249,29.79,304.32,-119.54,-79.21,-29.45,41.75,-8.79,-16.85,-38.09,-13.43,-4.7,0,0,1,0,0
463711363,96249,29.79,304.32,-118.9,-79.45,-30.49,41.02,-8.79,-13.92,-38.15,-13.37,-4.88,0,0,1,0,0
463721773,96249,29.79,304.32,-118.18,-79.69,-31.61,38.82,-10.25,-13.18,-37.96,-13.24,-5.13,0,0,1,0,0
463732037,96249,29.79,304.32,-117.35,-79.93,-32.83,38.09,-10.99,-16.85,-37.78,-13.31,-5.31,0,0,1,0,0
463742177,96239,29.79,305.19,-116.62,-80.17,-33.96,38.09,-8.79,-13.18,-37.66,-13.37,-5.49,0,0,1,0,0
463752438,96239,29.79,305.19,-115.97,-80.42,-35,39.55,-5.13,-13.92,-37.66,-13.31,-5.74,0,0,1,0,0
463762713,96239,29.79,305.19,-115.28,-80.7,-36.09,40.28,-2.93,-18.31,-37.84,-13.31,-5.92,0,0,1,0,0
463772989,96239,29.79,305.19,-114.68,-80.96,-37.08,38.82,-1.46,-13.92,-37.66,-13.12,-5.98,0,0,1,0,0
463783231,96239,29.79,305.19,-113.91,-81.23,-38.23,35.89,-2.2,-16.85,-37.48,-12.94,-5.92,0,0,1,0,0
463793449,96229,29.79,306.06,-113.22,-81.53,-39.31,35.16,2.2,-18.31,-37.35,-12.94,-5.92,0,0,1,0,0
463803590,96229,29.79,306.06,-112.32,-81.8,-40.6,36.62,-1.46,-19.78,-37.29,-12.94,-5.92,0,0,1,0,0
463813877,96229,29.79,306.06,-111.44,-82.06,-41.86,39.55,-2.2,-16.85,-37.29,-12.7,-6.04,0,0,1,0,0
463824166,96229,29.79,306.06,-110.7,-82.32,-43,38.09,1.46,-14.65,-37.41,-12.51,-6.04,0,0,1,0,0
463834426,96229,29.79,306.06,-109.69,-82.56,-44.4,41.02,-2.93,-16.85,-37.23,-12.7,-5.92,0,0,1,0,0
463844656,96223,29.79,306.58,-108.6,-82.77,-45.88,38.82,-5.86,-13.18,-37.05,-12.51,-5.86,0,0,1,0,0
463854803,96223,29.79,306.58,-107.31,-82.95,-47.54,37.35,-8.79,-13.92,-36.99,-12.21,-5.86,0,0,1,0,0
463865107,96223,29.79,306.58,-106.01,-83.11,-49.24,40.28,-10.99,-12.45,-36.93,-11.84,-5.86,0,0,1,0,0
463875393,96223,29.79,306.58,-104.68,-83.3,-50.95,37.35,-7.32,-13.18,-36.87,-11.9,-6.04,0,0,1,0,0
463885671,96223,29.79,306.58,-103.66,-83.51,-52.36,37.35,0,-10.99,-36.93,-12.08,-6.41,0,0,1,0,0
463895901,96214,29.8,307.36,-102.48,-83.74,-53.92,38.82,1.46,-14.65,-36.93,-12.08,-6.53,0,0,1,0,0
463906197,96214,29.8,307.36,-101.31,-83.92,-55.48,38.09,-3.66,-8.79,-36.87,-11.78,-6.47,0,0,1,0,0
463916493,96214,29.8,307.36,-99.78,-84.08,-57.4,38.82,-7.32,-12.45,-36.74,-11.72,-6.53,0,0,1,0,0
463926789,96214,29.8,307.36,-98.12,-84.22,-59.44,38.09,-8.79,-12.45,-36.56,-11.6,-6.65,0,0,1,0,0
463937082,96214,29.8,307.36,-96.58,-84.34,-61.35,37.35,-9.52,-8.79,-36.25,-11.29,-6.71,0,0,1,0,0
463947317,96202,29.8,308.4,-95.12,-84.48,-63.19,38.82,-5.86,-8.79,-36.25,-11.35,-6.71,0,0,1,0,0
463957478,96202,29.8,308.4,-93.96,-84.62,-64.72,36.62,-2.93,-4.39,-36.44,-11.41,-6.9,0,0,1,0,0
463967784,96202,29.8,308.4,-92.77,-84.75,-66.3,35.89,-3.66,-3.66,-36.5,-11.23,-6.9,0,0,1,0,0
463978095,96202,29.8,308.4,-91.43,-84.9,-68.02,38.09,-1.46,-5.86,-36.56,-11.35,-6.9,0,0,1,0,0
463988404,96202,29.8,308.4,-90.26,-85,-69.57,41.02,-5.86,-1.46,-36.56,-11.29,-6.9,0,0,1,0,0
463998640,96191,29.79,309.36,-89.2,-85.08,-71,33.69,-5.86,0.73,-36.74,-11.17,-6.71,0,0,1,0,0
464008950,96191,29.79,309.36,-87.64,-85.16,-72.94,38.09,-8.06,-4.39,-36.62,-11.17,-6.71,0,0,1,0,0
464019264,96191,29.79,309.36,-85.93,-85.21,-75.02,35.16,-11.72,-4.39,-36.44,-11.17,-7.08,0,0,1,0,0
464029395,96191,29.79,309.36,-84.42,-85.26,-76.9,35.89,-10.99,-2.2,-36.62,-11.29,-7.14,0,0,1,0,0
464039579,96191,29.79,309.36,-82.87,-85.31,-78.82,35.16,-9.52,-2.93,-36.62,-11.05,-7.2,0,0,1,0,0
464049722,96183,29.8,310.05,-81.78,-85.31,-80.27,33.69,-13.92,2.93,-36.74,-10.93,-7.45,0,0,1,0,0
464063578,96183,29.8,310.05,-80.28,-85.35,-82.28,33.69,-10.99,2.2,-36.8,-10.86,-7.57,0,0,1,0,0
464073797,96183,29.8,310.05,-79.04,-85.4,-83.9,34.42,-8.06,0.73,-36.87,-11.05,-7.57,0,0,1,0,0
464084073,96183,29.8,310.05,-77.61,-85.47,-85.7,33.69,-5.13,-0.73,-36.8,-11.29,-7.69,0,0,1,0,0
464094292,96183,29.8,310.05,-76.2,-85.54,-87.48,33.69,-5.13,-0.73,-36.8,-10.93,-7.93,0,0,1,0,0
464107459,96177,29.8,310.58,-74.72,-85.64,-89.44,36.62,-4.39,2.2,-36.8,-10.86,-7.93,0,0,1,0,0
464117637,96177,29.8,310.58,-73.88,-85.69,-90.65,33.69,-5.86,5.13,-36.74,-10.8,-8,0,0,1,0,0
464127792,96177,29.8,310.58,-72.49,-85.7,-92.4,35.16,-12.45,0,-36.87,-10.8,-8.12,0,0,1,0,0
464138026,96177,29.8,310.58,-71.47,-85.71,-93.79,35.16,-11.72,3.66,-36.87,-10.68,-8.18,0,0,1,0,0
464148211,96177,29.8,310.58,-70.41,-85.73,-95.21,30.76,-8.06,2.93,-36.68,-10.68,-8.36,0,0,1,0,0
464158652,96167,29.8,311.44,-69.02,-85.77,-96.99,34.42,-7.32,0.73,-36.62,-10.8,-8.42,0,0,1,0,0
464168892,96167,29.8,311.44,-67.97,-85.83,-98.4,30.03,-4.39,3.66,-36.74,-10.8,-8.48,0,0,1,0,0
464179080,96167,29.8,311.44,-66.43,-85.89,-100.3,36.62,-5.13,0,-36.8,-10.8,-8.67,0,0,1,0,0
464189335,96167,29.8,311.44,-65.35,-85.96,-101.76,32.23,-2.93,4.39,-36.93,-10.74,-8.61,0,0,1,0,0
464199539,96167,29.8,311.44,-64.1,-85.98,-103.37,31.49,-7.32,2.2,-36.87,-10.74,-8.67,0,0,1,0,0
464209806,96159,29.8,312.14,-63.25,-86.01,-104.59,32.96,-8.06,5.86,-36.68,-10.62,-8.79,0,0,1,0,0
464220062,96159,29.8,312.14,-63.18,-86.02,-105.03,33.69,-12.45,13.18,-36.56,-10.5,-8.91,0,0,1,0,0
464230281,96159,29.8,312.14,-63.33,-86.02,-105.23,31.49,-15.38,14.65,-36.68,-10.56,-8.85,0,0,1,0,0
464240559,96159,29.8,312.14,-63.19,-85.99,-105.74,28.56,-14.65,10.25,-36.56,-10.74,-8.91,0,0,1,0,0
464250783,96159,29.8,312.14,-61.51,-85.99,-107.77,31.49,-9.52,-1.46,-36.56,-11.05,-9.09,0,0,1,0,0
464261189,96150,29.8,312.92,-60.34,-86.03,-109.31,37.35,-6.59,5.13,-36.62,-11.11,-9.22,0,0,1,0,0
464271413,96150,29.8,312.92,-60.18,-86.06,-109.84,32.96,-9.52,13.18,-36.62,-10.86,-9.22,0,0,1,0,0
464281702,96150,29.8,312.92,-59.41,-86.07,-110.97,36.62,-12.45,7.32,-36.56,-10.93,-9.34,0,0,1,0,0
464291933,96150,29.8,312.92,-58.44,-86.03,-112.3,33.69,-15.38,3.66,-36.62,-11.17,-9.4,0,0,1,0,0
464302221,96150,29.8,312.92,-57.63,-86.01,-113.46,35.16,-13.92,5.86,-36.38,-10.99,-9.4,0,0,1,0,0
464312421,96143,29.8,313.53,-57.38,-86.04,-114.08,32.96,-10.25,12.45,-36.38,-11.05,-9.4,0,0,1,0,0
464322731,96143,29.8,313.53,-56.49,-85.98,-115.33,32.96,-18.31,2.93,-36.56,-11.17,-9.46,0,0,1,0,0
464332973,96143,29.8,313.53,-55.4,-85.97,-116.77,31.49,-9.52,3.66,-36.56,-11.23,-9.52,0,0,1,0,0
464343279,96143,29.8,313.53,-54.84,-85.94,-117.69,32.23,-15.38,6.59,-36.5,-11.05,-9.46,0,0,1,0,0
464353533,96143,29.8,313.53,-54.03,-85.87,-118.85,30.03,-16.85,2.2,-36.44,-10.86,-9.58,0,0,1,0,0
464363772,96134,29.8,314.31,-52.94,-85.82,-120.3,31.49,-14.65,0.73,-36.56,-11.05,-9.95,0,0,1,0,0
464374026,96134,29.8,314.31,-52.84,-85.8,-120.76,30.76,-16.85,10.99,-36.74,-11.17,-10.07,0,0,1,0,0
464384141,96134,29.8,314.31,-52.51,-85.79,-121.44,32.23,-14.65,9.52,-36.68,-10.99,-10.31,0,0,1,0,0
464394395,96134,29.8,314.31,-52.15,-85.7,-122.16,29.3,-23.44,4.39,-36.93,-11.11,-10.31,0,0,1,0,0
464404521,96134,29.8,314.31,-51.73,-85.65,-122.93,30.03,-16.85,6.59,-36.99,-11.29,-10.38,0,0,1,0,0
464414768,96127,29.8,314.92,-51.42,-85.63,-123.6,31.49,-16.85,8.79,-36.68,-11.35,-10.56,0,0,1,0,0
464424898,96127,29.8,314.92,-50.68,-85.54,-124.69,29.3,-19.78,0.73,-36.68,-11.29,-10.62,0,0,1,0,0
464435187,96127,29.8,314.92,-49.84,-85.47,-125.89,32.23,-17.58,1.46,-37.11,-11.29,-10.74,0,0,1,0,0
464445329,96127,29.8,314.92,-49.8,-85.45,-126.3,30.03,-18.31,10.99,-37.17,-11.35,-10.93,0,0,1,0,0
464455630,96127,29.8,314.92,-49.33,-85.38,-127.12,30.76,-19.04,4.39,-36.93,-11.11,-10.86,0,0,1,0,0
464465931,96122,29.81,315.35,-48.87,-85.31,-127.94,29.3,-19.78,2.93,-36.8,-10.93,-10.86,0,0,1,0,0
464476074,96122,29.81,315.35,-48.19,-85.25,-128.97,32.23,-17.58,2.2,-36.87,-11.05,-11.11,0,0,1,0,0
464486368,96122,29.81,315.35,-47.98,-85.23,-129.55,30.76,-16.85,9.52,-36.93,-11.29,-11.35,0,0,1,0,0
464496523,96122,29.81,315.35,-47.23,-85.16,-130.65,32.23,-19.04,0.73,-36.8,-11.41,-11.54,0,0,1,0,0
464506703,96122,29.81,315.35,-46.5,-85.08,-131.73,29.3,-16.85,0.73,-36.87,-11.23,-11.6,0,0,1,0,0
464516908,96118,29.81,315.7,-46.3,-85.02,-132.29,27.1,-19.04,5.13,-37.05,-10.93,-11.6,0,0,1,0,0
464527083,96118,29.81,315.7,-45.82,-84.93,-133.13,32.96,-24.9,0,-37.17,-10.99,-11.54,0,0,1,0,0
464537263,96118,29.81,315.7,-45.43,-84.82,-133.86,27.83,-23.44,0,-36.93,-11.05,-11.72,0,0,1,0,0
464547449,96118,29.81,315.7,-45.72,-84.71,-133.93,24.9,-33.69,6.59,-36.74,-10.99,-11.96,0,0,1,0,0
464557634,96118,29.81,315.7,-46.02,-84.64,-133.98,27.83,-28.56,10.99,-36.74,-10.86,-12.15,0,0,1,0,0
464567760,96112,29.81,316.22,-45.99,-84.57,-134.36,30.76,-27.83,5.86,-36.87,-10.86,-12.27,0,0,1,0,0
464577981,96112,29.81,316.22,-45.82,-84.47,-134.88,25.63,-24.9,2.2,-36.8,-11.05,-12.57,0,0,1,0,0
464588137,96112,29.81,316.22,-45.74,-84.4,-135.31,27.1,-23.44,5.13,-36.8,-10.93,-12.76,0,0,1,0,0
464598297,96112,29.81,316.22,-45.94,-84.33,-135.46,29.3,-30.76,9.52,-36.8,-10.68,-12.88,0,0,1,0,0
464608465,96112,29.81,316.22,-46.04,-84.26,-135.71,27.83,-29.3,7.32,-36.74,-10.8,-13.24,0,0,1,0,0
464618953,96109,29.81,316.48,-46.13,-84.2,-135.98,25.63,-24.9,7.32,-36.8,-10.74,-13.37,0,0,1,0,0
464629170,96109,29.81,316.48,-46.31,-84.17,-136.15,27.1,-24.17,11.72,-36.62,-10.74,-13.49,0,0,1,0,0
464639312,96109,29.81,316.48,-46.29,-84.12,-136.52,30.76,-27.1,8.06,-36.62,-10.68,-13.73,0,0,1,0,0
464649491,96109,29.81,316.48,-46.29,-84.07,-136.87,28.56,-25.63,7.32,-36.62,-10.38,-13.92,0,0,1,0,0
464659690,96109,29.81,316.48,-46.17,-84.01,-137.34,28.56,-24.9,5.13,-36.74,-10.38,-14.22,0,0,1,0,0
464669991,96102,29.82,317.09,-46.41,-84,-137.45,30.03,-27.83,15.38,-36.74,-10.5,-14.16,0,0,1,0,0
464680248,96102,29.82,317.09,-46.64,-83.95,-137.57,27.1,-30.76,10.25,-36.56,-10.44,-14.22,0,0,1,0,0
464690436,96102,29.82,317.09,-46.81,-83.96,-137.75,27.83,-22.71,13.92,-36.32,-10.25,-14.47,0,0,1,0,0
464700633,96102,29.82,317.09,-46.81,-83.92,-138.09,29.3,-26.37,8.06,-36.07,-10.13,-14.59,0,0,1,0,0
464710824,96102,29.82,317.09,-46.98,-83.88,-138.27,25.63,-27.1,9.52,-36.25,-10.13,-14.77,0,0,1,0,0
464721084,96095,29.82,317.7,-46.99,-83.85,-138.6,27.83,-25.63,8.79,-36.56,-10.44,-15.01,0,0,1,0,0
464731302,96095,29.82,317.7,-47.08,-83.83,-138.87,30.03,-27.1,12.45,-36.56,-10.5,-15.14,0,0,1,0,0
464741479,96095,29.82,317.7,-47.11,-83.8,-139.18,28.56,-26.37,9.52,-36.32,-10.31,-15.2,0,0,1,0,0
464751661,96095,29.82,317.7,-47.12,-83.75,-139.51,27.1,-28.56,6.59,-36.25,-10.25,-15.44,0,0,1,0,0
464761836,96095,29.82,317.7,-47.27,-83.75,-139.7,29.3,-27.1,14.65,-36.19,-10.25,-15.56,0,0,1,0,0
464772125,96088,29.82,318.3,-47.39,-83.72,-139.93,24.17,-25.63,8.79,-36.13,-10.19,-15.56,0,0,1,0,0
464782358,96088,29.82,318.3,-47.49,-83.67,-140.18,28.56,-32.23,8.79,-36.13,-10.19,-15.75,0,0,1,0,0
464792517,96088,29.82,318.3,-47.6,-83.67,-140.4,26.37,-24.9,12.45,-36.07,-10.19,-15.99,0,0,1,0,0
464802686,96088,29.82,318.3,-47.63,-83.65,-140.72,26.37,-24.9,9.52,-35.89,-10.01,-16.24,0,0,1,0,0
464812850,96088,29.82,318.3,-47.6,-83.59,-141.08,26.37,-30.03,5.13,-35.77,-9.95,-16.36,0,0,1,0,0
464823338,96084,29.82,318.65,-47.69,-83.56,-141.33,32.23,-34.42,11.72,-35.89,-10.01,-16.36,0,0,1,0,0
464833561,96084,29.82,318.65,-47.81,-83.52,-141.56,24.17,-29.3,8.06,-35.77,-10.01,-16.54,0,0,1,0,0
464843731,96084,29.82,318.65,-47.72,-83.5,-141.98,28.56,-25.63,8.79,-35.83,-10.01,-16.85,0,0,1,0,0
464853906,96084,29.82,318.65,-47.77,-83.46,-142.27,28.56,-34.42,8.06,-35.83,-9.95,-17.09,0,0,1,0,0
464864081,96084,29.82,318.65,-47.92,-83.44,-142.46,26.37,-30.76,11.72,-35.58,-9.7,-17.15,0,0,1,0,0
464874383,96081,29.82,318.91,-47.82,-83.43,-142.89,28.56,-26.37,8.79,-35.52,-9.95,-17.33,0,0,1,0,0
464884617,96081,29.82,318.91,-47.87,-83.38,-143.17,28.56,-35.16,8.79,-35.46,-10.01,-17.52,0,0,1,0,0
464894799,96081,29.82,318.91,-47.9,-83.34,-143.48,27.1,-32.96,7.32,-35.46,-9.89,-17.52,0,0,1,0,0
464904982,96081,29.82,318.91,-47.91,-83.25,-143.8,23.44,-35.89,2.93,-35.52,-9.95,-17.7,0,0,1,0,0
464915167,96081,29.82,318.91,-47.93,-83.24,-144.11,28.56,-31.49,10.99,-35.52,-9.95,-17.94,0,0,1,0,0
464925494,96078,29.82,319.17,-47.98,-83.2,-144.4,27.83,-35.16,8.79,-35.46,-9.7,-18.19,0,0,1,0,0
464935742,96078,29.82,319.17,-47.83,-83.15,-144.88,30.76,-33.69,5.13,-35.52,-9.77,-18.31,0,0,1,0,0
464945937,96078,29.82,319.17,-47.93,-83.11,-145.12,25.63,-35.89,8.79,-35.52,-9.7,-18.37,0,0,1,0,0
464956133,96078,29.82,319.17,-47.85,-83.09,-145.53,31.49,-33.69,8.79,-35.58,-9.64,-18.55,0,0,1,0,0
464966330,96078,29.82,319.17,-47.9,-83.06,-145.81,27.1,-34.42,9.52,-35.4,-9.64,-18.62,0,0,1,0,0
464976669,96071,29.82,319.78,-47.81,-83.03,-146.23,30.03,-32.96,7.32,-35.16,-9.58,-18.68,0,0,1,0,0
464986920,96071,29.82,319.78,-47.57,-82.97,-146.8,27.83,-31.49,1.46,-35.22,-9.7,-18.98,0,0,1,0,0
464997127,96071,29.82,319.78,-47.43,-82.95,-147.27,30.76,-31.49,8.06,-35.34,-9.64,-19.1,0,0,1,0,0
465007340,96071,29.82,319.78,-47.4,-82.92,-147.63,27.1,-32.96,7.32,-35.34,-9.4,-19.17,0,0,1,0,0
465017557,96071,29.82,319.78,-47.36,-82.88,-148,28.56,-36.62,6.59,-35.28,-9.4,-19.41,0,0,1,0,0
465027729,96070,29.82,319.87,-47.31,-82.82,-148.37,27.1,-38.09,4.39,-35.28,-9.4,-19.59,0,0,1,0,0
465038002,96070,29.82,319.87,-47.2,-82.78,-148.82,26.37,-33.69,4.39,-35.03,-9.4,-19.96,0,0,1,0,0
465048222,96070,29.82,319.87,-46.88,-82.7,-149.45,28.56,-33.69,-1.46,-34.73,-9.34,-20.08,0,0,1,0,0
465058452,96070,29.82,319.87,-46.7,-82.65,-149.96,27.1,-33.69,2.2,-34.61,-9.34,-20.2,0,0,1,0,0
465068687,96070,29.82,319.87,-46.46,-82.57,-150.52,27.1,-34.42,-0.73,-34.61,-9.16,-20.39,0,0,1,0,0
465078880,96068,29.82,320.04,-46.3,-82.52,-150.99,27.1,-35.16,2.2,-34.42,-8.97,-20.57,0,0,1,0,0
465089165,96068,29.82,320.04,-45.91,-82.45,-151.7,28.56,-31.49,-2.2,-34,-9.16,-20.94,0,0,1,0,0
465099411,96068,29.82,320.04,-45.62,-82.36,-152.3,26.37,-36.62,-4.39,-33.87,-9.09,-21,0,0,1,0,0
465109565,96068,29.82,320.04,-45.34,-82.28,-152.89,24.9,-32.96,-2.2,-33.87,-9.03,-21.36,0,0,1,0,0
465119810,96068,29.82,320.04,-44.91,-82.18,-153.63,21.97,-27.83,-5.86,-33.63,-8.85,-21.55,0,0,1,0,0
465129961,96066,29.82,320.22,-44.27,-82.11,-154.58,27.83,-22.71,-4.39,-33.39,-9.03,-21.55,0,0,1,0,0
465140139,96066,29.82,320.22,-43.83,-82.03,-155.32,29.3,-30.76,-4.39,-33.26,-9.09,-21.55,0,0,1,0,0
465150271,96066,29.82,320.22,-43.61,-81.94,-155.84,25.63,-38.09,-3.66,-33.14,-8.85,-21.73,0,0,1,0,0
465160524,96066,29.82,320.22,-43.07,-81.83,-156.68,31.49,-34.42,-10.99,-33.08,-8.67,-21.91,0,0,1,0,0
465170665,96066,29.82,320.22,-42.42,-81.72,-157.64,25.63,-24.17,-10.25,-33.14,-8.67,-21.91,0,0,1,0,0
465181068,96064,29.82,320.39,-41.96,-81.63,-158.41,28.56,-30.76,-7.32,-33.02,-8.61,-22.03,0,0,1,0,0
465191264,96064,29.82,320.39,-41.49,-81.51,-159.17,25.63,-29.3,-9.52,-32.78,-8.48,-22.03,0,0,1,0,0
465201416,96064,29.82,320.39,-41.06,-81.4,-159.89,30.76,-35.16,-10.99,-32.71,-8.42,-22.03,0,0,1,0,0
465211572,96064,29.82,320.39,-40.57,-81.29,-160.68,30.76,-32.96,-11.72,-32.65,-8.36,-22.34,0,0,1,0,0
465221740,96064,29.82,320.39,-40.15,-81.16,-161.39,27.83,-35.89,-13.92,-32.78,-8.3,-22.4,0,0,1,0,0
465232173,96064,29.83,320.39,-39.71,-81.04,-162.14,27.83,-32.23,-12.45,-32.65,-8.06,-22.34,0,0,1,0,0
465242393,96064,29.83,320.39,-39.36,-80.94,-162.78,29.3,-34.42,-9.52,-32.41,-7.75,-22.52,0,0,1,0,0
465252602,96064,29.83,320.39,-39,-80.84,-163.42,26.37,-30.76,-8.79,-32.04,-7.57,-22.71,0,0,1,0,0
465262804,96064,29.83,320.39,-38.54,-80.73,-164.17,27.1,-28.56,-10.99,-31.86,-7.63,-23.01,0,0,1,0,0
465273002,96064,29.83,320.39,-38.15,-80.65,-164.85,27.83,-28.56,-6.59,-31.86,-7.63,-23.07,0,0,1,0,0
465283281,96059,29.83,320.82,-37.93,-80.57,-165.35,27.1,-36.62,-6.59,-31.74,-7.45,-23.07,0,0,1,0,0
465293510,96059,29.83,320.82,-37.67,-80.5,-165.89,28.56,-33.69,-5.13,-31.56,-7.26,-23.07,0,0,1,0,0
465303722,96059,29.83,320.82,-37.47,-80.43,-166.37,27.1,-35.89,-5.86,-31.31,-7.02,-23.19,0,0,1,0,0
465313944,96059,29.83,320.82,-37.11,-80.36,-167.01,32.23,-32.23,-5.86,-31.19,-6.96,-23.38,0,0,1,0,0
465324191,96059,29.83,320.82,-36.78,-80.25,-167.6,27.1,-35.16,-13.18,-30.64,-6.77,-23.68,0,0,1,0,0
465334493,96056,29.83,321.09,-36.58,-80.18,-168.08,24.9,-33.69,-5.86,-30.33,-6.53,-23.74,0,0,1,0,0
465348215,96056,29.83,321.09,-36.19,-80.05,-168.82,27.83,-34.42,-10.25,-30.09,-6.41,-23.74,0,0,1,0,0
465358444,96056,29.83,321.09,-35.7,-79.95,-169.57,30.03,-27.1,-12.45,-30.03,-6.29,-23.8,0,0,1,0,0
465368678,96056,29.83,321.09,-35.35,-79.84,-170.19,27.83,-31.49,-13.18,-29.85,-6.41,-23.8,0,0,1,0,0
465378982,96056,29.83,321.09,-35.17,-79.74,-170.63,25.63,-38.82,-11.72,-29.6,-6.1,-23.86,0,0,1,0,0
465389138,96056,29.82,321.09,-34.93,-79.67,-171.12,29.3,-36.62,-9.52,-29.48,-5.62,-23.99,0,0,1,0,0
465399405,96056,29.82,321.09,-34.65,-79.57,-171.66,28.56,-34.42,-11.72,-29.36,-5.68,-24.11,0,0,1,0,0
465409632,96056,29.82,321.09,-34.31,-79.5,-172.25,30.03,-30.76,-8.79,-29.24,-5.86,-24.35,0,0,1,0,0
465419905,96056,29.82,321.09,-34.04,-79.39,-172.77,27.1,-35.89,-13.92,-29.24,-5.92,-24.48,0,0,1,0,0
465430043,96056,29.82,321.09,-33.84,-79.32,-173.22,27.83,-36.62,-8.06,-29.17,-5.74,-24.54,0,0,1,0,0
465440187,96056,29.82,321.09,-33.52,-79.24,-173.78,26.37,-28.56,-9.52,-28.93,-5.37,-24.6,0,0,1,0,0
465450424,96056,29.82,321.09,-33.33,-79.15,-174.22,27.1,-38.09,-10.99,-28.75,-5.31,-24.6,0,0,1,0,0
465460720,96056,29.82,321.09,-33.06,-79.04,-174.74,27.1,-35.16,-15.38,-28.69,-5.25,-24.78,0,0,1,0,0
465470963,96056,29.82,321.09,-32.83,-78.94,-175.22,24.9,-33.69,-12.45,-28.56,-5.13,-24.96,0,0,1,0,0
465481216,96056,29.82,321.09,-32.51,-78.83,-175.78,27.83,-32.96,-15.38,-28.63,-5.07,-25.15,0,0,1,0,0
465491387,96053,29.82,321.35,-32.14,-78.72,-176.39,27.83,-29.3,-14.65,-28.56,-5.07,-25.27,0,0,1,0,0
465501646,96053,29.82,321.35,-31.87,-78.62,-176.9,25.63,-32.23,-13.92,-28.26,-4.88,-25.27,0,0,1,0,0
465511920,96053,29.82,321.35,-31.47,-78.5,-177.53,30.03,-30.03,-17.58,-27.95,-4.58,-25.39,0,0,1,0,0
465522130,96053,29.82,321.35,-31.1,-78.39,-178.14,27.83,-29.3,-17.58,-27.95,-4.33,-25.45,0,0,1,0,0
465532323,96053,29.82,321.35,-30.76,-78.27,-178.72,29.3,-31.49,-17.58,-28.14,-4.27,-25.51,0,0,1,0,0
465542476,96053,29.82,321.35,-30.37,-78.15,-179.34,26.37,-27.1,-18.31,-28.02,-4.27,-25.7,0,0,1,0,0
465552719,96053,29.82,321.35,-30.06,-78.04,-179.89,28.56,-31.49,-16.11,-27.65,-4.09,-25.76,0,0,1,0,0
465563007,96053,29.82,321.35,-29.7,-77.93,179.52,29.3,-29.3,-16.85,-27.47,-4.03,-25.76,0,0,1,0,0
465573244,96053,29.82,321.35,-29.37,-77.81,178.97,27.1,-30.03,-19.04,-27.22,-3.85,-25.88,0,0,1,0,0
465583466,96053,29.82,321.35,-29.02,-77.71,178.39,28.56,-27.1,-13.92,-27.1,-3.72,-25.82,0,0,1,0,0
465593640,96055,29.82,321.17,-28.61,-77.63,177.76,30.76,-24.9,-13.18,-27.04,-3.85,-25.82,0,0,1,0,0
465603892,96055,29.82,321.17,-28.29,-77.52,177.22,29.3,-30.03,-16.85,-26.86,-3.66,-26,0,0,1,0,0
465614200,96055,29.82,321.17,-27.94,-77.42,176.65,29.3,-27.83,-16.11,-26.49,-3.05,-26,0,0,1,0,0
465624456,96055,29.82,321.17,-27.59,-77.31,176.08,23.44,-22.71,-15.38,-26.43,-3.17,-26.12,0,0,1,0,0
465634707,96055,29.82,321.17,-27.27,-77.21,175.54,28.56,-27.1,-14.65,-26.37,-3.11,-26.06,0,0,1,0,0
465644893,96055,29.83,321.17,-26.93,-77.1,175,29.3,-28.56,-19.04,-26.12,-3.05,-26.31,0,0,1,0,0
465655171,96055,29.83,321.17,-26.54,-76.95,174.39,25.63,-23.44,-21.24,-26.06,-2.81,-26.43,0,0,1,0,0
465665315,96055,29.83,321.17,-26.18,-76.86,173.82,27.83,-23.44,-14.65,-25.94,-2.69,-26.25,0,0,1,0,0
465675604,96055,29.83,321.17,-25.79,-76.76,173.22,32.23,-25.63,-16.85,-25.7,-2.44,-26.31,0,0,1,0,0
465685774,96055,29.83,321.17,-25.53,-76.64,172.76,26.37,-29.3,-20.51,-25.57,-2.2,-26.31,0,0,1,0,0
465696073,96056,29.83,321.09,-25.16,-76.52,172.18,29.3,-24.9,-20.51,-25.57,-2.01,-26.31,0,0,1,0,0
465706254,96056,29.83,321.09,-24.81,-76.41,171.63,26.37,-21.97,-16.85,-25.45,-1.95,-26.31,0,0,1,0,0
465716453,96056,29.83,321.09,-24.48,-76.3,171.1,30.03,-25.63,-18.31,-25.33,-1.95,-26.31,0,0,1,0,0
465726647,96056,29.83,321.09,-24.16,-76.17,170.58,27.83,-25.63,-22.71,-25.15,-2.01,-26.37,0,0,1,0,0
465739516,96056,29.83,321.09,-23.85,-76.02,170.03,27.83,-29.3,-19.78,-24.84,-1.83,-26.37,0,0,1,0,0
465749725,96056,29.82,321.09,-23.48,-75.92,169.46,30.76,-22.71,-18.31,-24.78,-1.77,-26.43,0,0,1,0,0
465759904,96056,29.82,321.09,-23.2,-75.79,168.99,26.37,-24.9,-20.51,-24.6,-1.59,-26.55,0,0,1,0,0
465770028,96056,29.82,321.09,-22.88,-75.66,168.48,26.37,-22.71,-21.24,-24.54,-1.46,-26.55,0,0,1,0,0
465780156,96056,29.82,321.09,-22.56,-75.51,167.97,24.9,-21.24,-22.71,-24.48,-1.4,-26.61,0,0,1,0,0
465790456,96056,29.82,321.09,-22.22,-75.36,167.44,27.83,-21.97,-23.44,-24.17,-1.28,-26.61,0,0,1,0,0
465800709,96056,29.82,321.09,-21.88,-75.24,166.91,30.03,-22.71,-21.24,-24.05,-1.1,-26.55,0,0,1,0,0
465810856,96056,29.82,321.09,-21.54,-75.1,166.39,26.37,-19.78,-22.71,-24.05,-0.92,-26.49,0,0,1,0,0
465820997,96056,29.82,321.09,-21.25,-74.96,165.92,24.17,-20.51,-21.97,-23.8,-0.67,-26.49,0,0,1,0,0
465831223,96056,29.82,321.09,-20.91,-74.81,165.4,27.1,-19.78,-23.44,-23.5,-0.43,-26.43,0,0,1,0,0
465841382,96056,29.82,321.09,-20.63,-74.69,164.94,29.3,-23.44,-21.97,-23.5,-0.49,-26.43,0,0,1,0,0
465851603,96057,29.82,321,-20.35,-74.56,164.49,27.83,-22.71,-23.44,-23.56,-0.43,-26.49,0,0,1,0,0
465861772,96057,29.82,321,-20.04,-74.46,164,25.63,-18.31,-16.11,-23.5,-0.24,-26.49,0,0,1,0,0
465871895,96057,29.82,321,-19.73,-74.32,163.52,29.3,-21.24,-24.17,-23.38,-0.18,-26.61,0,0,1,0,0
465882068,96057,29.82,321,-19.43,-74.19,163.04,27.83,-20.51,-21.97,-23.32,-0.06,-26.61,0,0,1,0,0
465892245,96057,29.82,321,-19.08,-74.06,162.52,30.76,-19.04,-24.17,-23.07,0.12,-26.67,0,0,1,0,0
465902526,96057,29.82,321,-18.76,-73.9,162.03,25.63,-16.85,-24.17,-22.83,0.24,-26.55,0,0,1,0,0
465912753,96057,29.82,321,-18.39,-73.77,161.49,30.03,-16.11,-21.97,-22.83,0.37,-26.31,0,0,1,0,0
465923031,96057,29.82,321,-18.12,-73.64,161.05,25.63,-19.04,-21.97,-22.58,0.55,-26.43,0,0,1,0,0
465933256,96057,29.82,321,-17.8,-73.51,160.56,25.63,-15.38,-19.78,-22.52,0.55,-26.55,0,0,1,0,0
465943522,96057,29.82,321,-17.48,-73.38,160.08,29.3,-18.31,-22.71,-22.52,0.85,-26.55,0,0,1,0,0
465953752,96057,29.82,321,-17.15,-73.28,159.59,28.56,-16.11,-18.31,-22.58,0.92,-26.31,0,0,1,0,0
465963921,96057,29.82,321,-16.75,-73.16,159.02,29.3,-12.45,-19.04,-22.34,1.04,-26.37,0,0,1,0,0
465974229,96057,29.82,321,-16.29,-73.04,158.39,30.76,-10.25,-18.31,-22.4,1.16,-26.43,0,0,1,0,0
465984356,96057,29.82,321,-15.96,-72.92,157.89,28.56,-14.65,-19.78,-22.34,1.4,-26.31,0,0,1,0,0
465994590,96057,29.82,321,-15.63,-72.79,157.4,27.1,-13.18,-21.97,-22.28,1.53,-26.12,0,0,1,0,0
466004827,96062,29.83,320.57,-15.24,-72.63,156.85,27.83,-10.25,-24.17,-22.28,1.71,-26.06,0,0,1,0,0
466015010,96062,29.83,320.57,-15.02,-72.51,156.46,26.37,-18.31,-21.97,-22.4,1.95,-26.06,0,0,1,0,0
466025137,96062,29.83,320.57,-14.78,-72.37,156.07,26.37,-16.85,-24.17,-22.22,1.89,-26,0,0,1,0,0
466035338,96062,29.83,320.57,-14.49,-72.22,155.62,27.83,-13.92,-27.1,-22.09,1.95,-25.82,0,0,1,0,0
466045571,96062,29.83,320.57,-14.2,-72.09,155.17,30.03,-14.65,-22.71,-22.03,2.08,-25.7,0,0,1,0,0
466055833,96063,29.83,320.48,-13.87,-71.94,154.68,28.56,-10.99,-24.9,-21.73,2.08,-25.76,0,0,1,0,0
466065994,96063,29.83,320.48,-13.49,-71.82,154.15,32.96,-10.25,-21.97,-21.55,2.2,-25.51,0,0,1,0,0
466076205,96063,29.83,320.48,-13.25,-71.69,153.76,30.03,-16.11,-25.63,-21.73,2.26,-25.45,0,0,1,0,0
466086373,96063,29.83,320.48,-13,-71.55,153.35,30.03,-14.65,-25.63,-21.91,2.32,-25.51,0,0,1,0,0
466096664,96063,29.83,320.48,-12.79,-71.39,152.99,25.63,-14.65,-27.1,-21.91,2.44,-25.33,0,0,1,0,0
466113789,96067,29.83,320.13,-12.4,-71.19,152.34,33.69,-17.58,-27.1,-21.73,2.81,-25.21,0,0,1,0,0
466124033,96067,29.83,320.13,-12.15,-71.03,151.95,25.63,-11.72,-27.1,-21.55,3.17,-25.09,0,0,1,0,0
466134221,96067,29.83,320.13,-11.88,-70.92,151.53,32.96,-13.92,-23.44,-21.48,3.11,-25.09,0,0,1,0,0
466144417,96067,29.83,320.13,-11.6,-70.79,151.09,30.03,-10.99,-24.17,-21.42,3.17,-25.09,0,0,1,0,0
466154605,96067,29.83,320.13,-11.3,-70.67,150.64,30.03,-10.25,-21.97,-21.61,3.17,-25.15,0,0,1,0,0
466164821,96070,29.83,319.87,-10.94,-70.55,150.12,31.49,-7.32,-20.51,-21.73,3.3,-25.09,0,0,1,0,0
466175075,96070,29.83,319.87,-10.63,-70.42,149.66,30.03,-8.79,-21.97,-21.48,3.48,-24.9,0,0,1,0,0
466185280,96070,29.83,319.87,-10.36,-70.33,149.24,30.76,-11.72,-19.78,-21.42,3.42,-24.78,0,0,1,0,0
466195496,96070,29.83,319.87,-10.07,-70.24,148.8,32.23,-10.99,-18.31,-21.36,3.66,-24.72,0,0,1,0,0
466205713,96070,29.83,319.87,-9.72,-70.16,148.29,32.96,-8.79,-16.11,-21.36,3.91,-24.66,0,0,1,0,0
466215940,96073,29.83,319.61,-9.43,-70.04,147.86,30.03,-8.79,-21.97,-21.42,3.97,-24.66,0,0,1,0,0
466226212,96073,29.83,319.61,-9.1,-69.91,147.38,32.23,-6.59,-22.71,-21.06,3.91,-24.66,0,0,1,0,0
466236432,96073,29.83,319.61,-8.73,-69.79,146.85,32.23,-3.66,-20.51,-20.81,3.97,-24.54,0,0,1,0,0
466246659,96073,29.83,319.61,-8.47,-69.64,146.45,31.49,-8.06,-27.1,-20.75,4.03,-24.41,0,0,1,0,0
466256893,96073,29.83,319.61,-8.17,-69.49,146,30.76,-4.39,-26.37,-20.87,4.09,-24.23,0,0,1,0,0
466267136,96078,29.83,319.17,-7.81,-69.34,145.49,33.69,-1.46,-24.9,-21.06,4.03,-24.05,0,0,1,0,0
466277426,96078,29.83,319.17,-7.55,-69.2,145.08,28.56,-5.86,-23.44,-20.87,4.21,-23.99,0,0,1,0,0
466287675,96078,29.83,319.17,-7.2,-69.06,144.59,34.42,-2.2,-23.44,-20.75,4.33,-23.8,0,0,1,0,0
466297924,96078,29.83,319.17,-6.86,-68.91,144.09,31.49,-0.73,-22.71,-20.75,4.27,-23.68,0,0,1,0,0
466308185,96078,29.83,319.17,-6.54,-68.78,143.63,32.96,-2.93,-22.71,-20.75,4.46,-23.44,0,0,1,0,0
466318537,96083,29.83,318.74,-6.24,-68.67,143.18,35.16,-4.39,-21.97,-20.51,4.76,-23.25,0,0,1,0,0
466328801,96083,29.83,318.74,-6.01,-68.56,142.81,30.03,-6.59,-21.97,-20.45,4.76,-23.07,0,0,1,0,0
466339062,96083,29.83,318.74,-5.82,-68.47,142.48,32.23,-10.99,-21.24,-20.63,4.76,-22.89,0,0,1,0,0
466349332,96083,29.83,318.74,-5.63,-68.36,142.16,30.76,-8.79,-24.17,-20.75,4.94,-22.89,0,0,1,0,0
466359626,96083,29.83,318.74,-5.37,-68.24,141.74,34.42,-4.39,-23.44,-20.87,5.07,-22.83,0,0,1,0,0
466369799,96087,29.83,318.39,-5.14,-68.12,141.37,32.23,-5.13,-24.9,-20.69,5.25,-22.77,0,0,1,0,0
466379935,96087,29.83,318.39,-4.81,-68,140.9,32.96,-0.73,-19.78,-20.39,5.43,-22.71,0,0,1,0,0
466390209,96087,29.83,318.39,-4.54,-67.9,140.49,30.76,-3.66,-19.04,-20.32,5.31,-22.46,0,0,1,0,0
466400497,96087,29.83,318.39,-4.25,-67.78,140.06,31.49,-1.46,-19.78,-20.32,5.19,-22.4,0,0,1,0,0
466410805,96087,29.83,318.39,-4.03,-67.68,139.69,35.16,-5.86,-22.71,-20.45,5.19,-22.28,0,0,1,0,0
466420995,96091,29.83,318.05,-3.82,-67.53,139.34,28.56,-2.2,-24.9,-20.57,5.13,-22.4,0,0,1,0,0
466431141,96091,29.83,318.05,-3.66,-67.43,139.05,30.76,-8.06,-24.17,-20.51,5.31,-22.34,0,0,1,0,0
466441436,96091,29.83,318.05,-3.51,-67.3,138.77,31.49,-6.59,-27.83,-20.14,5.37,-22.16,0,0,1,0,0
466451740,96091,29.83,318.05,-3.37,-67.18,138.5,29.3,-7.32,-24.9,-19.78,5.43,-21.91,0,0,1,0,0
466462044,96091,29.83,318.05,-3.17,-67.08,138.16,35.89,-5.86,-23.44,-19.65,5.49,-21.79,0,0,1,0,0
466472290,96094,29.84,317.78,-2.89,-66.97,137.75,31.49,0,-19.04,-19.78,5.49,-21.67,0,0,1,0,0
466482602,96094,29.84,317.78,-2.62,-66.84,137.33,32.23,1.46,-21.24,-19.96,5.55,-21.55,0,0,1,0,0
466492720,96094,29.84,317.78,-2.44,-66.71,137.02,32.23,-2.2,-26.37,-19.78,5.49,-21.36,0,0,1,0,0
466502898,96094,29.84,317.78,-2.2,-66.57,136.65,30.03,2.2,-23.44,-19.47,5.49,-21.12,0,0,1,0,0
466513025,96094,29.84,317.78,-2.03,-66.44,136.35,34.42,-2.2,-27.1,-19.17,5.68,-20.94,0,0,1,0,0
466523314,96101,29.84,317.18,-1.87,-66.32,136.07,35.89,-3.66,-29.3,-19.04,6.1,-20.81,0,0,1,0,0
466533448,96101,29.84,317.18,-1.74,-66.25,135.83,32.96,-8.79,-22.71,-19.1,6.16,-20.63,0,0,1,0,0
466543637,96101,29.84,317.18,-1.58,-66.16,135.53,33.69,-4.39,-22.71,-19.29,5.98,-20.45,0,0,1,0,0
466553774,96101,29.84,317.18,-1.42,-66.12,135.26,35.89,-8.79,-19.04,-18.92,6.16,-20.2,0,0,1,0,0
466563964,96101,29.84,317.18,-1.33,-66.06,135.05,32.96,-10.99,-23.44,-18.68,6.29,-20.14,0,0,1,0,0
466574266,96106,29.84,316.74,-1.19,-65.96,134.8,34.42,-5.13,-24.9,-18.74,6.23,-19.96,0,0,1,0,0
466584469,96106,29.84,316.74,-1.04,-65.88,134.52,35.16,-4.39,-22.71,-18.62,6.23,-19.78,0,0,1,0,0
466594615,96106,29.84,316.74,-0.85,-65.82,134.21,35.89,-3.66,-20.51,-18.37,6.59,-19.59,0,0,1,0,0
466604826,96106,29.84,316.74,-0.78,-65.75,134.04,30.76,-9.52,-24.17,-18.43,6.59,-19.47,0,0,1,0,0
466614983,96106,29.84,316.74,-0.65,-65.72,133.78,33.69,-8.79,-17.58,-18.49,6.47,-19.35,0,0,1,0,0
466625132,96109,29.84,316.48,-0.58,-65.71,133.6,35.89,-16.11,-19.78,-18.37,6.53,-19.23,0,0,1,0,0
466635292,96109,29.84,316.48,-0.52,-65.67,133.44,34.42,-13.92,-22.71,-18.25,6.71,-18.98,0,0,1,0,0
466645521,96109,29.84,316.48,-0.49,-65.66,133.3,34.42,-17.58,-22.71,-18.31,6.77,-18.92,0,0,1,0,0
466655690,96109,29.84,316.48,-0.39,-65.66,133.09,37.35,-15.38,-18.31,-18.49,6.71,-19.04,0,0,1,0,0
466665923,96109,29.84,316.48,-0.35,-65.63,132.94,33.69,-15.38,-21.97,-18.49,6.59,-18.98,0,0,1,0,0
466676243,96112,29.84,316.22,-0.26,-65.59,132.73,35.89,-10.25,-21.97,-18.43,6.59,-18.92,0,0,1,0,0
466686539,96112,29.84,316.22,-0.2,-65.56,132.56,33.69,-13.18,-20.51,-18.31,6.53,-18.86,0,0,1,0,0
466696696,96112,29.84,316.22,-0.08,-65.56,132.33,40.28,-13.18,-19.04,-18.49,6.59,-18.86,0,0,1,0,0
466706992,96112,29.84,316.22,0.03,-65.58,132.09,33.69,-14.65,-12.45,-18.62,6.53,-18.74,0,0,1,0,0
466717149,96112,29.84,316.22,0.11,-65.54,131.9,33.69,-10.25,-20.51,-18.55,6.59,-18.68,0,0,1,0,0
466727286,96117,29.84,315.79,0.21,-65.51,131.69,36.62,-9.52,-21.97,-18.62,6.84,-18.62,0,0,1,0,0
466737585,96117,29.84,315.79,0.24,-65.49,131.54,37.35,-16.85,-24.17,-18.8,6.84,-18.68,0,0,1,0,0
466747747,96117,29.84,315.79,0.37,-65.47,131.29,35.89,-9.52,-17.58,-18.8,6.9,-18.55,0,0,1,0,0
466758055,96117,29.84,315.79,0.42,-65.44,131.12,32.96,-11.72,-21.24,-18.74,7.02,-18.37,0,0,1,0,0
466768216,96117,29.84,315.79,0.49,-65.4,130.93,37.35,-11.72,-23.44,-18.8,7.08,-18.43,0,0,1,0,0
466778380,96129,29.84,314.74,0.65,-65.4,130.66,34.42,-8.06,-14.65,-18.86,7.2,-18.43,0,0,1,0,0
466788504,96129,29.84,314.74,0.77,-65.38,130.41,35.89,-9.52,-17.58,-18.86,7.14,-18.55,0,0,1,0,0
466798632,96129,29.84,314.74,0.94,-65.36,130.12,32.96,-5.86,-14.65,-18.8,7.2,-18.49,0,0,1,0,0
466808760,96129,29.84,314.74,1.05,-65.3,129.89,35.16,-5.13,-21.24,-18.8,7.08,-18.31,0,0,1,0,0
466818891,96129,29.84,314.74,1.17,-65.27,129.64,34.42,-7.32,-17.58,-18.92,7.02,-18.13,0,0,1,0,0
466829189,96141,29.84,313.7,1.28,-65.22,129.41,35.16,-5.13,-21.24,-19.1,6.9,-18.19,0,0,1,0,0
466839373,96141,29.84,313.7,1.44,-65.17,129.12,35.89,-2.93,-18.31,-18.86,6.77,-18.19,0,0,1,0,0
466849517,96141,29.84,313.7,1.54,-65.13,128.9,35.16,-6.59,-19.78,-18.74,6.77,-18.13,0,0,1,0,0
466859647,96141,29.84,313.7,1.66,-65.08,128.66,35.16,-4.39,-19.78,-18.86,6.84,-17.88,0,0,1,0,0
466869774,96141,29.84,313.7,1.75,-65.02,128.44,33.69,-4.39,-21.24,-18.86,6.96,-17.76,0,0,1,0,0
466880317,96146,29.84,313.27,1.85,-64.96,128.22,35.89,-4.39,-22.71,-18.74,6.84,-17.82,0,0,1,0,0
466890628,96146,29.84,313.27,1.96,-64.85,127.98,34.42,2.2,-25.63,-18.62,6.65,-17.64,0,0,1,0,0
466900749,96146,29.84,313.27,2.03,-64.78,127.8,38.82,-5.13,-26.37,-18.49,6.71,-17.4,0,0,1,0,0
466910877,96146,29.84,313.27,2.12,-64.71,127.59,39.55,-2.93,-26.37,-18.43,6.9,-17.4,0,0,1,0,0
466921000,96146,29.84,313.27,2.2,-64.64,127.39,36.62,-2.2,-24.9,-18.25,6.9,-17.15,0,0,1,0,0
466931340,96155,29.84,312.49,2.31,-64.59,127.16,40.28,-2.93,-22.71,-18.31,6.77,-16.97,0,0,1,0,0
466941651,96155,29.84,312.49,2.4,-64.53,126.95,38.82,-2.93,-24.9,-18.74,6.84,-16.97,0,0,1,0,0
466951784,96155,29.84,312.49,2.47,-64.45,126.76,38.09,-2.2,-27.1,-19.04,6.96,-16.91,0,0,1,0,0
466961927,96155,29.84,312.49,2.49,-64.4,126.61,39.55,-8.06,-29.3,-19.35,6.96,-16.72,0,0,1,0,0
466972068,96155,29.84,312.49,2.5,-64.32,126.48,35.16,-5.13,-30.03,-19.47,6.9,-16.72,0,0,1,0,0
466982430,96160,29.84,312.05,2.52,-64.27,126.34,38.82,-8.06,-28.56,-19.23,7.02,-16.72,0,0,1,0,0
466992576,96160,29.84,312.05,2.57,-64.19,126.16,37.35,-1.46,-29.3,-19.17,7.02,-16.78,0,0,1,0,0
467002727,96160,29.84,312.05,2.63,-64.13,125.98,38.09,-3.66,-26.37,-19.59,7.08,-16.72,0,0,1,0,0
467012885,96160,29.84,312.05,2.68,-64.07,125.79,38.09,-4.39,-25.63,-20.2,6.9,-16.91,0,0,1,0,0
467023046,96160,29.84,312.05,2.74,-63.98,125.59,35.89,-0.73,-27.1,-20.51,6.65,-16.91,0,0,1,0,0
467033608,96167,29.84,311.44,2.79,-63.91,125.4,36.62,-2.2,-26.37,-20.51,6.71,-16.85,0,0,1,0,0
467043770,96167,29.84,311.44,2.84,-63.84,125.21,38.82,-2.93,-27.83,-20.51,6.77,-16.66,0,0,1,0,0
467053903,96167,29.84,311.44,2.88,-63.74,125.04,38.09,0.73,-32.96,-20.32,6.84,-16.54,0,0,1,0,0
467064036,96167,29.84,311.44,2.91,-63.67,124.87,36.62,-2.2,-27.83,-20.2,7.08,-16.3,0,0,1,0,0
467074164,96167,29.84,311.44,2.93,-63.59,124.73,37.35,-2.2,-32.23,-20.2,7.32,-15.99,0,0,1,0,0
467084710,96176,29.85,310.66,2.98,-63.5,124.54,40.28,0.73,-31.49,-20.32,7.32,-15.87,0,0,1,0,0
467094851,96176,29.85,310.66,3,-63.42,124.39,36.62,-2.2,-32.23,-20.26,7.51,-15.87,0,0,1,0,0
467104996,96176,29.85,310.66,3.04,-63.31,124.22,37.35,5.13,-36.62,-20.02,7.81,-15.81,0,0,1,0,0
467115133,96176,29.85,310.66,3.09,-63.2,124.05,40.28,4.39,-37.35,-19.71,8.12,-15.38,0,0,1,0,0
467125275,96176,29.85,310.66,3.17,-63.07,123.84,40.28,11.72,-38.82,-19.78,8.06,-14.89,0,0,1,0,0
467135838,96183,29.85,310.05,3.24,-62.9,123.62,32.96,16.11,-40.28,-19.9,7.93,-14.77,0,0,1,0,0
467146047,96183,29.85,310.05,3.36,-62.76,123.36,41.75,16.85,-36.62,-19.65,8.06,-14.65,0,0,1,0,0
467156343,96183,29.85,310.05,3.57,-62.57,123.01,38.82,33.69,-38.09,-19.71,8.06,-14.04,0,0,1,0,0
467167523,96183,29.85,310.05,3.72,-62.36,122.7,35.16,29.3,-41.02,-19.59,8.06,-13.67,0,0,1,0,0
467177676,96183,29.85,310.05,3.87,-62.18,122.42,41.75,31.49,-44.68,-19.23,8,-14.1,0,0,1,0,0
467187940,96191,29.85,309.36,4.01,-61.98,122.14,41.75,32.96,-46.14,-19.23,7.75,-14.59,0,0,1,0,0
467198070,96191,29.85,309.36,4.07,-61.83,121.94,41.02,18.31,-43.95,-19.35,7.69,-14.34,0,0,1,0,0
467208231,96191,29.85,309.36,4.17,-61.72,121.72,40.28,13.92,-32.96,-19.29,7.75,-13.92,0,0,1,0,0
467218463,96191,29.85,309.36,4.26,-61.65,121.5,41.75,8.06,-27.83,-18.92,8,-13.67,0,0,1,0,0
467228595,96191,29.85,309.36,4.28,-61.59,121.36,39.55,2.2,-31.49,-18.8,8.18,-13.43,0,0,1,0,0
467238830,96201,29.85,308.49,4.29,-61.51,121.23,41.02,5.13,-36.62,-18.62,8,-13.06,0,0,1,0,0
467249022,96201,29.85,308.49,4.27,-61.44,121.15,45.41,2.93,-46.14,-18.62,8.18,-12.94,0,0,1,0,0
467259166,96201,29.85,308.49,4.27,-61.37,121.04,42.48,3.66,-40.28,-18.74,8.42,-12.88,0,0,1,0,0
467269364,96201,29.85,308.49,4.34,-61.28,120.85,43.95,11.72,-35.16,-18.92,8.3,-12.88,0,0,1,0,0
467279515,96201,29.85,308.49,4.41,-61.19,120.65,41.02,12.45,-32.96,-18.74,8.36,-12.94,0,0,1,0,0
467289769,96211,29.85,307.62,4.45,-61.08,120.49,40.28,13.18,-39.55,-18.8,8.54,-12.76,0,0,1,0,0
467299932,96211,29.85,307.62,4.51,-60.97,120.31,44.68,15.38,-41.75,-19.1,8.54,-12.7,0,0,1,0,0
467310061,96211,29.85,307.62,4.53,-60.9,120.16,38.82,7.32,-33.69,-19.41,8.42,-12.45,0,0,1,0,0
467320274,96211,29.85,307.62,4.6,-60.84,119.96,43.21,8.79,-30.03,-19.35,8.54,-12.27,0,0,1,0,0
467330444,96211,29.85,307.62,4.63,-60.79,119.81,43.95,6.59,-35.89,-19.35,8.79,-11.96,0,0,1,0,0
467340710,96218,29.85,307.01,4.68,-60.7,119.63,45.41,13.92,-38.82,-19.35,8.85,-11.6,0,0,1,0,0
467350939,96218,29.85,307.01,4.73,-60.64,119.46,45.41,10.25,-35.89,-19.41,8.61,-11.47,0,0,1,0,0
467361172,96218,29.85,307.01,4.73,-60.56,119.33,42.48,10.99,-42.48,-19.41,8.54,-11.47,0,0,1,0,0
467371490,96218,29.85,307.01,4.72,-60.5,119.22,46.14,5.86,-41.02,-19.17,8.42,-11.29,0,0,1,0,0
467381753,96218,29.85,307.01,4.77,-60.48,119.05,48.34,5.86,-31.49,-18.92,8.61,-11.05,0,0,1,0,0
467391923,96223,29.85,306.58,4.76,-60.43,118.94,45.41,5.13,-39.55,-18.92,8.73,-10.74,0,0,1,0,0
467402043,96223,29.85,306.58,4.76,-60.41,118.83,44.68,2.93,-35.89,-18.86,9.03,-10.5,0,0,1,0,0
467415718,96223,29.85,306.58,4.74,-60.35,118.69,44.68,4.39,-40.28,-18.98,8.91,-10.5,0,0,1,0,0
467427576,96223,29.85,306.58,4.73,-60.28,118.56,45.41,10.25,-43.95,-19.23,8.97,-10.5,0,0,1,0,0
467437790,96223,29.85,306.58,4.72,-60.25,118.45,45.41,2.93,-38.09,-19.29,9.22,-10.38,0,0,1,0,0
467448095,96233,29.85,305.71,4.74,-60.24,118.31,50.54,2.93,-35.89,-19.17,9.34,-10.25,0,0,1,0,0
467458297,96233,29.85,305.71,4.71,-60.22,118.23,45.41,0.73,-42.48,-19.17,9.34,-10.01,0,0,1,0,0
467468505,96233,29.85,305.71,4.74,-60.21,118.07,47.61,5.13,-32.23,-19.1,9.28,-9.95,0,0,1,0,0
467478701,96233,29.85,305.71,4.78,-60.18,117.92,46.88,7.32,-33.69,-18.92,9.52,-9.89,0,0,1,0,0
467488908,96233,29.85,305.71,4.79,-60.16,117.79,49.07,5.13,-38.09,-18.98,9.52,-9.77,0,0,1,0,0
467499021,96246,29.85,304.59,4.82,-60.16,117.64,50.54,3.66,-33.69,-19.23,9.4,-9.89,0,0,1,0,0
467509295,96246,29.85,304.59,4.84,-60.17,117.48,46.88,1.46,-30.03,-19.23,9.46,-9.77,0,0,1,0,0
467519512,96246,29.85,304.59,4.87,-60.15,117.34,47.61,6.59,-35.16,-19.29,9.58,-9.64,0,0,1,0,0
467529732,96246,29.85,304.59,4.91,-60.15,117.17,48.34,4.39,-31.49,-19.29,9.77,-9.46,0,0,1,0,0
467539958,96246,29.85,304.59,4.91,-60.14,117.05,49.07,3.66,-37.35,-19.41,9.64,-9.52,0,0,1,0,0
467550092,96256,29.85,303.72,4.97,-60.13,116.86,45.41,7.32,-28.56,-19.35,9.58,-9.58,0,0,1,0,0
467560389,96256,29.85,303.72,4.99,-60.12,116.72,46.88,5.13,-33.69,-19.29,9.7,-9.46,0,0,1,0,0
467570624,96256,29.85,303.72,4.98,-60.13,116.61,50.54,0.73,-38.09,-19.1,9.77,-9.09,0,0,1,0,0
467580872,96256,29.85,303.72,5.02,-60.16,116.44,52,0.73,-29.3,-19.17,9.77,-8.97,0,0,1,0,0
467591108,96256,29.85,303.72,5.06,-60.17,116.27,48.34,5.13,-29.3,-19.35,9.77,-8.97,0,0,1,0,0
467601255,96270,29.85,302.5,5.07,-60.17,116.14,49.07,4.39,-35.16,-19.41,9.64,-8.91,0,0,1,0,0
467611560,96270,29.85,302.5,5.11,-60.14,115.97,51.27,10.99,-35.89,-19.35,9.64,-8.85,0,0,1,0,0
467621807,96270,29.85,302.5,5.1,-60.14,115.85,51.27,4.39,-38.82,-19.23,9.58,-8.67,0,0,1,0,0
467632054,96270,29.85,302.5,5.06,-60.13,115.78,46.14,2.2,-41.02,-19.1,9.46,-8.61,0,0,1,0,0
467642326,96270,29.85,302.5,5.05,-60.14,115.67,53.47,2.93,-38.09,-19.04,9.52,-8.48,0,0,1,0,0
467652494,96281,29.85,301.55,5.11,-60.18,115.48,50.54,0.73,-24.17,-19.29,9.46,-8.48,0,0,1,0,0
467662618,96281,29.85,301.55,5.11,-60.16,115.35,54.93,9.52,-42.48,-19.53,9.58,-8.54,0,0,1,0,0
467672881,96281,29.85,301.55,5.11,-60.13,115.23,52.73,10.99,-43.95,-19.29,9.64,-8.48,0,0,1,0,0
467683141,96281,29.85,301.55,5.16,-60.1,115.05,54.93,16.11,-37.35,-19.1,9.7,-8.54,0,0,1,0,0
467693441,96281,29.85,301.55,5.2,-60.08,114.88,57.13,11.72,-38.09,-19.1,9.64,-8.61,0,0,1,0,0
467703624,96295,29.85,300.33,5.23,-60.06,114.72,52.73,12.45,-35.89,-19.59,9.4,-8.67,0,0,1,0,0
467713767,96295,29.85,300.33,5.23,-60.04,114.59,57.86,11.72,-45.41,-19.65,9.46,-8.48,0,0,1,0,0
467724048,96295,29.85,300.33,5.24,-59.99,114.45,53.47,16.85,-45.41,-19.71,9.77,-8.24,0,0,1,0,0
467734334,96295,29.85,300.33,5.29,-59.96,114.27,54.2,16.11,-38.09,-20.45,9.77,-8.12,0,0,1,0,0
467744456,96295,29.85,300.33,5.31,-59.91,114.09,52,19.78,-41.75,-21.18,9.77,-8,0,0,1,0,0
467754654,96304,29.85,299.55,5.41,-59.86,113.84,53.47,24.17,-33.69,-21.42,9.89,-7.87,0,0,1,0,0
467764803,96304,29.85,299.55,5.51,-59.81,113.57,56.4,25.63,-32.23,-21.55,9.95,-7.51,0,0,1,0,0
467775098,96304,29.85,299.55,5.52,-59.77,113.42,52.73,19.78,-45.41,-21.12,9.89,-7.14,0,0,1,0,0
467785402,96304,29.85,299.55,5.56,-59.77,113.23,55.66,11.72,-34.42,-20.81,9.89,-7.08,0,0,1,0,0
467795697,96304,29.85,299.55,5.61,-59.8,113.03,54.93,8.79,-30.03,-21,9.95,-6.96,0,0,1,0,0
467805917,96318,29.85,298.34,5.68,-59.86,112.81,59.33,2.93,-24.9,-21.12,10.07,-6.77,0,0,1,0,0
467816039,96318,29.85,298.34,5.72,-59.9,112.62,56.4,5.86,-30.76,-21.12,10.25,-6.41,0,0,1,0,0
467826166,96318,29.85,298.34,5.7,-59.9,112.49,54.93,10.25,-42.48,-21.36,10.25,-6.16,0,0,1,0,0
467836297,96318,29.85,298.34,5.71,-59.91,112.34,52,9.52,-37.35,-21.55,10.38,-6.04,0,0,1,0,0
467846577,96318,29.85,298.34,5.82,-59.98,112.06,58.59,6.59,-19.78,-21.61,10.25,-6.04,0,0,1,0,0
467856810,96331,29.86,297.21,5.87,-60.02,111.85,56.4,8.79,-28.56,-21.67,10.07,-5.8,0,0,1,0,0
467866995,96331,29.86,297.21,5.87,-60.06,111.69,52.73,4.39,-31.49,-21.79,9.89,-5.55,0,0,1,0,0
467877128,96331,29.86,297.21,5.88,-60.13,111.53,56.4,0,-30.03,-22.16,9.83,-5.37,0,0,1,0,0
467887263,96331,29.86,297.21,5.9,-60.19,111.33,57.86,4.39,-28.56,-22.52,9.77,-5.31,0,0,1,0,0
467897403,96331,29.86,297.21,5.9,-60.26,111.18,54.93,-1.46,-30.76,-22.46,9.77,-5.49,0,0,1,0,0
467907615,96340,29.86,296.43,5.94,-60.31,110.97,55.66,6.59,-27.1,-22.52,9.77,-5.62,0,0,1,0,0
467917812,96340,29.86,296.43,5.98,-60.33,110.76,58.59,12.45,-30.76,-22.58,9.7,-5.68,0,0,1,0,0
467927965,96340,29.86,296.43,5.96,-60.33,110.62,55.66,12.45,-41.02,-22.64,9.64,-5.74,0,0,1,0,0
467938122,96340,29.86,296.43,6,-60.36,110.4,60.06,10.99,-30.76,-22.71,9.77,-5.74,0,0,1,0,0
467948280,96340,29.86,296.43,6.09,-60.41,110.13,53.47,7.32,-19.04,-22.77,9.77,-5.68,0,0,1,0,0
467958511,96354,29.86,295.22,6.17,-60.46,109.88,60.06,10.25,-24.17,-22.95,9.83,-5.49,0,0,1,0,0
467968677,96354,29.86,295.22,6.25,-60.47,109.61,58.59,17.58,-26.37,-23.68,9.83,-5.31,0,0,1,0,0
467978846,96354,29.86,295.22,6.38,-60.47,109.28,59.33,22.71,-21.24,-23.99,9.89,-5.13,0,0,1,0,0
467989017,96354,29.86,295.22,6.5,-60.48,108.97,58.59,22.71,-22.71,-23.86,9.89,-4.94,0,0,1,0,0
467999185,96354,29.86,295.22,6.63,-60.53,108.64,56.4,11.72,-15.38,-23.74,9.7,-4.76,0,0,1,0,0
468009440,96368,29.86,294,6.74,-60.58,108.33,57.86,10.99,-16.85,-23.74,9.52,-4.76,0,0,1,0,0
468019686,96368,29.86,294,6.92,-60.64,107.95,57.86,12.45,-9.52,-23.93,9.64,-4.7,0,0,1,0,0
468029868,96368,29.86,294,7.1,-60.67,107.56,56.4,19.04,-11.72,-24.17,9.89,-4.64,0,0,1,0,0
468040056,96368,29.86,294,7.35,-60.75,107.09,61.52,13.18,0,-24.35,9.77,-4.58,0,0,1,0,0
468050235,96368,29.86,294,7.62,-60.82,106.59,62.26,13.18,2.2,-24.29,9.77,-4.46,0,0,1,0,0
468060509,96381,29.86,292.87,7.82,-60.91,106.17,59.33,8.06,-4.39,-24.23,9.7,-4.15,0,0,1,0,0
468070755,96381,29.86,292.87,8.02,-61.01,105.77,60.79,6.59,-4.39,-23.62,9.52,-4.03,0,0,1,0,0
468080956,96381,29.86,292.87,8.24,-61.07,105.34,62.26,14.65,-2.93,-23.32,9.4,-3.91,0,0,1,0,0
468091158,96381,29.86,292.87,8.48,-61.15,104.88,62.99,13.18,0.73,-23.44,9.28,-3.72,0,0,1,0,0
468101366,96381,29.86,292.87,8.72,-61.24,104.42,60.79,10.25,2.2,-23.62,8.79,-3.54,0,0,1,0,0
468111487,96395,29.86,291.66,8.92,-61.35,104,63.72,2.93,1.46,-23.74,8.36,-3.48,0,0,1,0,0
468121685,96395,29.86,291.66,9.09,-61.48,103.62,62.99,0,-2.2,-23.74,8.18,-3.3,0,0,1,0,0
468131948,96395,29.86,291.66,9.25,-61.59,103.25,62.99,1.46,-2.93,-23.62,7.93,-3.11,0,0,1,0,0
468142166,96395,29.86,291.66,9.37,-61.7,102.92,64.45,2.2,-7.32,-23.74,7.63,-3.05,0,0,1,0,0
468152383,96395,29.86,291.66,9.54,-61.81,102.52,62.99,5.13,-1.46,-23.93,7.57,-2.99,0,0,1,0,0
468162512,96410,29.86,290.36,9.69,-61.91,102.15,63.72,5.13,-2.2,-24.11,7.26,-2.99,0,0,1,0,0
468172745,96410,29.86,290.36,9.82,-62.03,101.8,62.26,-0.73,-3.66,-24.17,7.02,-2.99,0,0,1,0,0
468183030,96410,29.86,290.36,9.92,-62.15,101.48,62.99,0,-7.32,-23.93,7.02,-2.75,0,0,1,0,0
468193257,96410,29.86,290.36,10.04,-62.26,101.15,67.38,0.73,-5.13,-23.68,6.9,-2.56,0,0,1,0,0
468203497,96410,29.86,290.36,10.16,-62.39,100.81,65.92,-1.46,-3.66,-23.56,6.65,-2.75,0,0,1,0,0
468213640,96421,29.86,289.41,10.25,-62.51,100.5,63.72,-3.66,-6.59,-23.74,6.47,-2.69,0,0,1,0,0
468223895,96421,29.86,289.41,10.35,-62.63,100.19,65.92,0,-5.86,-23.8,6.35,-2.56,0,0,1,0,0
468234189,96421,29.86,289.41,10.45,-62.76,99.87,68.12,-4.39,-5.13,-24.05,6.23,-2.56,0,0,1,0,0
468244441,96421,29.86,289.41,10.52,-62.88,99.57,65.92,-2.2,-8.06,-24.23,5.92,-2.56,0,0,1,0,0
468254691,96421,29.86,289.41,10.58,-63,99.29,68.12,-0.73,-8.79,-24.48,5.8,-2.56,0,0,1,0,0
468264848,96435,29.86,288.2,10.66,-63.11,98.99,66.65,-0.73,-7.32,-24.6,5.8,-2.44,0,0,1,0,0
468275106,96435,29.86,288.2,10.69,-63.23,98.73,65.19,-2.2,-10.99,-24.6,5.49,-2.26,0,0,1,0,0
468285386,96435,29.86,288.2,10.78,-63.35,98.41,70.31,-2.2,-4.39,-24.84,5.19,-2.26,0,0,1,0,0
468295508,96435,29.86,288.2,10.82,-63.44,98.14,68.85,4.39,-9.52,-24.72,5,-2.44,0,0,1,0,0
468305771,96435,29.86,288.2,10.71,-63.49,98.04,65.19,6.59,-29.3,-24.48,4.82,-3.05,0,0,1,0,0
468315951,96451,29.86,286.81,10.62,-63.6,97.91,66.65,-10.25,-24.17,-25.33,4.52,-4.21,0,0,1,0,0
468326226,96451,29.86,286.81,10.57,-63.74,97.72,66.65,-18.31,-18.31,-26.79,4.27,-4.94,0,0,1,0,0
468336534,96451,29.86,286.81,10.61,-63.94,97.43,80.57,-49.07,-3.66,-26.49,4.21,-4.33,0,0,1,0,0
468346672,96451,29.86,286.81,10.54,-64.2,97.27,52,-78.37,-19.04,-25.57,4.39,-2.44,0,0,1,0,0
468356967,96451,29.86,286.81,10.65,-64.47,96.91,77.64,-141.36,16.11,-26.06,4.46,-2.2,0,0,1,0,0
468367167,96466,29.86,285.51,10.69,-64.72,96.62,68.85,-75.44,-1.46,-26.55,4.21,-2.99,0,0,1,0,0
468377315,96466,29.86,285.51,10.62,-64.91,96.45,75.44,-37.35,-20.51,-26.79,3.85,-3.42,0,0,1,0,0
468387458,96466,29.86,285.51,10.49,-65.02,96.34,66.65,-12.45,-25.63,-26.98,3.72,-3.66,0,0,1,0,0
468397760,96466,29.86,285.51,10.39,-65.1,96.2,68.85,-3.66,-23.44,-26.49,3.85,-4.15,0,0,1,0,0
468408068,96466,29.86,285.51,10.26,-65.17,96.1,70.31,-0.73,-27.83,-26.25,3.72,-4.27,0,0,1,0,0
468418273,96480,29.87,284.3,10.12,-65.31,96,67.38,-21.97,-25.63,-26.43,3.54,-4.21,0,0,1,0,0
468428447,96480,29.87,284.3,9.99,-65.48,95.9,71.78,-36.62,-27.83,-26.49,3.54,-4.09,0,0,1,0,0
468438612,96480,29.87,284.3,9.83,-65.66,95.83,73.97,-48.34,-33.69,-26.31,3.72,-4.09,0,0,1,0,0
468448733,96480,29.87,284.3,9.69,-65.82,95.74,71.78,-36.62,-28.56,-26.18,3.78,-4.46,0,0,1,0,0
468458908,96480,29.87,284.3,9.63,-65.97,95.56,70.31,-27.83,-18.31,-26.18,3.91,-4.76,0,0,1,0,0
468469125,96497,29.86,282.83,9.49,-66.12,95.47,72.51,-32.96,-29.3,-26.31,3.97,-5,0,0,1,0,0
468479250,96497,29.86,282.83,9.31,-66.27,95.42,71.04,-40.28,-35.16,-26.55,3.72,-4.94,0,0,1,0,0
468489434,96497,29.86,282.83,9.21,-66.42,95.28,74.71,-32.23,-23.44,-26.79,3.72,-4.88,0,0,1,0,0
468499629,96497,29.86,282.83,9.14,-66.59,95.1,76.17,-35.89,-19.78,-26.67,3.85,-4.94,0,0,1,0,0
468509767,96497,29.86,282.83,8.95,-66.73,95.06,76.17,-39.55,-38.09,-26.61,3.78,-5.07,0,0,1,0,0
468520015,96511,29.87,281.61,8.8,-66.88,94.97,72.51,-37.35,-30.03,-26.79,3.6,-5.31,0,0,1,0,0
468530171,96511,29.87,281.61,8.63,-67.03,94.9,72.51,-38.82,-32.96,-26.79,3.66,-5.55,0,0,1,0,0
468540473,96511,29.87,281.61,8.48,-67.19,94.81,77.64,-43.21,-32.23,-26.79,3.91,-5.74,0,0,1,0,0
468550633,96511,29.87,281.61,8.33,-67.34,94.73,75.44,-47.61,-33.69,-26.37,4.15,-5.92,0,0,1,0,0
468560946,96511,29.87,281.61,8.15,-67.49,94.67,76.9,-43.21,-37.35,-26.25,3.91,-6.16,0,0,1,0,0
468571164,96528,29.87,280.14,7.96,-67.62,94.64,74.71,-35.89,-37.35,-26.31,3.85,-6.35,0,0,1,0,0
468581337,96528,29.87,280.14,7.77,-67.74,94.59,77.64,-36.62,-37.35,-26.43,3.85,-6.59,0,0,1,0,0
468591461,96528,29.87,280.14,7.58,-67.85,94.55,78.37,-34.42,-38.82,-26.49,4.03,-6.77,0,0,1,0,0
468601672,96528,29.87,280.14,7.37,-67.96,94.53,76.17,-32.96,-42.48,-26.43,4.33,-7.02,0,0,1,0,0
468611795,96528,29.87,280.14,7.2,-68.07,94.47,79.1,-33.69,-36.62,-26.43,4.33,-7.2,0,0,1,0,0
468622057,96544,29.87,278.76,7,-68.18,94.43,76.17,-35.16,-38.82,-26.55,4.09,-7.39,0,0,1,0,0
468632181,96544,29.87,278.76,6.83,-68.29,94.37,82.03,-34.42,-38.09,-26.37,4.03,-7.75,0,0,1,0,0
468642364,96544,29.87,278.76,6.67,-68.38,94.3,78.37,-29.3,-32.96,-26.31,4.03,-8.18,0,0,1,0,0
468652561,96544,29.87,278.76,6.51,-68.47,94.22,71.04,-26.37,-30.76,-26.37,4.15,-8.42,0,0,1,0,0
468662692,96544,29.87,278.76,6.32,-68.54,94.18,76.9,-21.97,-36.62,-26.43,4.09,-8.54,0,0,1,0,0
468672931,96560,29.87,277.37,6.16,-68.6,94.1,79.83,-19.04,-32.23,-26.43,3.85,-8.67,0,0,1,0,0
468683056,96560,29.87,277.37,6,-68.67,94.03,76.9,-21.97,-32.96,-26.37,4.03,-8.67,0,0,1,0,0
468697406,96560,29.87,277.37,5.74,-68.79,93.96,85.69,-30.03,-40.28,-26.61,4.09,-8.73,0,0,1,0,0
468707705,96560,29.87,277.37,5.44,-68.82,94.02,74.71,-16.85,-52.73,-26.92,4.46,-9.03,0,0,1,0,0
468717973,96560,29.87,277.37,5.14,-68.83,94.09,79.83,-9.52,-61.52,-27.16,4.88,-9.16,0,0,1,0,0
468728154,96578,29.87,275.81,4.84,-68.82,94.16,82.76,-3.66,-62.26,-27.1,4.82,-9.03,0,0,1,0,0
468738290,96578,29.87,275.81,4.53,-68.79,94.24,85.69,3.66,-70.31,-26.86,4.82,-9.09,0,0,1,0,0
468748567,96578,29.87,275.81,4.2,-68.78,94.35,83.5,-3.66,-73.24,-26.55,5.31,-8.91,0,0,1,0,0
468758851,96578,29.87,275.81,3.92,-68.76,94.41,84.23,3.66,-64.45,-26.37,5.43,-8.79,0,0,1,0,0
468768977,96578,29.87,275.81,3.69,-68.74,94.42,87.16,5.86,-57.13,-26.18,5.49,-8.61,0,0,1,0,0
468779175,96593,29.87,274.52,3.43,-68.72,94.45,87.16,2.2,-62.26,-25.88,5.74,-8.73,0,0,1,0,0
468789333,96593,29.87,274.52,3.23,-68.7,94.43,82.03,7.32,-51.27,-25.63,5.98,-8.73,0,0,1,0,0
468799639,96593,29.87,274.52,3.04,-68.68,94.41,82.03,6.59,-50.54,-25.63,6.23,-8.73,0,0,1,0,0
468809942,96593,29.87,274.52,2.86,-68.66,94.37,84.23,5.86,-49.8,-25.51,6.35,-8.79,0,0,1,0,0
468820097,96593,29.87,274.52,2.64,-68.64,94.37,81.3,3.66,-53.47,-25.33,6.16,-8.61,0,0,1,0,0
468830318,96610,29.87,273.04,2.42,-68.62,94.39,84.96,8.06,-57.86,-24.96,6.04,-8.18,0,0,1,0,0
468840493,96610,29.87,273.04,2.18,-68.61,94.41,85.69,3.66,-60.06,-24.78,6.1,-8.06,0,0,1,0,0
468850610,96610,29.87,273.04,1.94,-68.6,94.46,85.69,2.2,-62.99,-24.66,6.23,-7.87,0,0,1,0,0
468860788,96610,29.87,273.04,1.71,-68.61,94.48,85.69,-1.46,-60.06,-24.6,6.35,-7.69,0,0,1,0,0
468870973,96610,29.87,273.04,1.44,-68.6,94.56,87.16,0.73,-71.78,-24.54,6.53,-7.57,0,0,1,0,0
468881213,96628,29.87,271.49,1.16,-68.61,94.64,85.69,-4.39,-73.24,-24.41,6.65,-7.63,0,0,1,0,0
468891350,96628,29.87,271.49,0.89,-68.6,94.71,86.43,0.73,-73.24,-24.35,6.84,-7.63,0,0,1,0,0
468901543,96628,29.87,271.49,0.64,-68.6,94.77,85.69,1.46,-68.85,-23.99,7.08,-7.45,0,0,1,0,0
468911680,96628,29.87,271.49,0.38,-68.6,94.83,85.69,-1.46,-73.24,-23.62,7.39,-7.45,0,0,1,0,0
468921885,96628,29.87,271.49,0.15,-68.58,94.88,91.55,6.59,-74.71,-23.44,7.57,-7.51,0,0,1,0,0
468931994,96651,29.87,269.5,-0.1,-68.57,94.95,87.16,2.2,-75.44,-23.07,7.69,-7.45,0,0,1,0,0
468942145,96651,29.87,269.5,-0.37,-68.56,95.05,87.89,0.73,-84.96,-22.58,7.81,-7.2,0,0,1,0,0
468952356,96651,29.87,269.5,-0.59,-68.56,95.1,85.69,3.66,-68.12,-21.97,7.93,-7.02,0,0,1,0,0
468962515,96651,29.87,269.5,-0.82,-68.56,95.16,89.36,2.93,-75.44,-21.42,8.3,-6.84,0,0,1,0,0
468972733,96651,29.87,269.5,-1.04,-68.56,95.22,90.09,-0.73,-74.71,-21.06,8.36,-6.84,0,0,1,0,0
468982877,96666,29.87,268.2,-1.24,-68.57,95.27,90.82,-0.73,-72.51,-20.63,8.67,-6.9,0,0,1,0,0
468993104,96666,29.87,268.2,-1.43,-68.58,95.3,91.55,0,-69.58,-20.45,8.91,-6.77,0,0,1,0,0
469003278,96666,29.87,268.2,-1.62,-68.58,95.34,93.02,2.2,-74.71,-20.45,8.97,-6.71,0,0,1,0,0
469013512,96666,29.87,268.2,-1.8,-68.59,95.36,91.55,0.73,-71.78,-20.26,9.4,-6.59,0,0,1,0,0
469023690,96666,29.87,268.2,-1.92,-68.6,95.33,90.09,2.2,-60.79,-19.9,9.7,-6.71,0,0,1,0,0
469033861,96684,29.88,266.65,-2.03,-68.61,95.29,94.48,2.93,-59.33,-19.84,9.58,-6.96,0,0,1,0,0
469044045,96684,29.88,266.65,-2.15,-68.61,95.26,92.29,6.59,-62.26,-19.71,9.77,-6.9,0,0,1,0,0
469054252,96684,29.88,266.65,-2.25,-68.61,95.21,94.48,8.06,-60.79,-19.65,10.01,-6.77,0,0,1,0,0
469064414,96684,29.88,266.65,-2.34,-68.61,95.15,95.21,6.59,-60.79,-19.9,10.19,-6.59,0,0,1,0,0
469074631,96684,29.88,266.65,-2.43,-68.61,95.08,95.95,6.59,-60.06,-20.02,10.31,-6.59,0,0,1,0,0
469084896,96703,29.87,265,-2.54,-68.61,95.04,95.95,7.32,-66.65,-20.02,10.44,-6.65,0,0,1,0,0
469095198,96703,29.87,265,-2.62,-68.6,94.97,94.48,13.18,-59.33,-20.02,10.44,-6.77,0,0,1,0,0
469105499,96703,29.87,265,-2.69,-68.61,94.88,90.09,4.39,-54.2,-20.02,10.56,-6.65,0,0,1,0,0
469115749,96703,29.87,265,-2.65,-68.6,94.69,99.61,16.85,-42.48,-19.41,10.8,-6.04,0,0,1,0,0
469125885,96703,29.87,265,-2.69,-68.59,94.59,94.48,22.71,-53.47,-18.55,10.62,-4.82,0,0,1,0,0
469136090,96720,29.87,263.53,-2.7,-68.57,94.46,100.34,26.37,-52,-18.43,10.62,-4.52,0,0,1,0,0
469148621,96720,29.87,263.53,-2.68,-68.53,94.26,101.07,30.76,-47.61,-18.98,10.68,-5.13,0,0,1,0,0
469158888,96720,29.87,263.53,-2.67,-68.49,94.1,100.34,37.35,-50.54,-19.29,10.68,-4.58,0,0,1,0,0
469169524,96720,29.87,263.53,-2.62,-68.4,93.89,95.95,58.59,-46.88,-19.47,10.74,-4.21,0,0,1,0,0
469179763,96720,29.87,263.53,-2.54,-68.3,93.64,96.68,60.79,-41.02,-19.9,10.86,-4.94,0,0,1,0,0
469189910,96742,29.88,261.63,-2.35,-68.2,93.27,98.88,63.72,-21.97,-20.14,10.8,-4.88,0,0,1,0,0
469200063,96742,29.88,261.63,-2.16,-68.13,92.91,98.14,51.27,-19.78,-20.2,10.86,-4.27,0,0,1,0,0
469210305,96742,29.88,261.63,-2.07,-68.11,92.66,94.48,31.49,-32.96,-20.2,10.99,-4.03,0,0,1,0,0
469220618,96742,29.88,261.63,-2.03,-68.11,92.45,97.41,24.9,-39.55,-20.57,10.62,-3.91,0,0,1,0,0
469230877,96742,29.88,261.63,-1.87,-68.08,92.1,98.14,34.42,-19.78,-21,10.5,-3.72,0,0,1,0,0
469241041,96762,29.88,259.9,-1.7,-68.06,91.75,102.54,36.62,-20.51,-21.36,10.8,-3.36,0,0,1,0,0
469251225,96762,29.88,259.9,-1.56,-68.04,91.43,98.88,38.09,-24.17,-21.61,10.74,-3.3,0,0,1,0,0
469261500,96762,29.88,259.9,-1.41,-68.02,91.09,95.21,34.42,-21.24,-21.85,10.62,-3.17,0,0,1,0,0
469271626,96762,29.88,259.9,-1.25,-68,90.73,95.21,34.42,-16.85,-21.97,10.38,-2.81,0,0,1,0,0
469281895,96762,29.88,259.9,-1.15,-67.98,90.44,68.12,25.63,-19.04,-22.09,10.13,-2.5,0,0,1,0,0
469292071,96782,29.87,258.17,-0.91,-68.02,90.01,1343.26,254.88,-52.73,-21.24,9.95,-1.77,0,0,1,0,0
469302240,96782,29.87,258.17,-0.47,-67.45,89.4,-347.17,-2.2,15.38,-17.82,10.38,0.73,0,0,1,0,0
469312506,96782,29.87,258.17,-0.37,-66.87,89.14,-178.71,11.72,-9.52,-19.04,10.44,-0.49,0,0,1,0,0
469322652,96782,29.87,258.17,0.06,-66.92,88.49,115.72,10.99,35.16,-22.4,9.22,-2.32,0,0,1,0,0
469332906,96782,29.87,258.17,0.54,-67.03,87.76,87.16,-8.79,35.16,-23.56,8.73,-2.2,0,0,1,0,0
469343093,97326,29.88,211.28,0.99,-67.1,87.08,114.26,4.39,38.82,-23.44,8.85,-1.34,0,0,1,0,0
469353349,97326,29.88,211.28,1.01,-67.15,86.86,104,19.04,-31.49,-22.95,8.42,-0.79,0,0,1,0,0
469363638,97326,29.88,211.28,0.78,-67.18,86.91,72.51,19.78,-60.06,-23.01,8.18,-0.67,0,0,1,0,0
469373789,97326,29.88,211.28,0.8,-67.17,86.69,100.34,43.95,-29.3,-23.32,8.06,-0.79,0,0,1,0,0
469383905,97326,29.88,211.28,0.88,-67.18,86.41,106.2,38.82,-19.04,-23.13,8,-0.55,0,0,1,0,0
469394131,97408,29.88,204.23,1.01,-67.22,86.06,101.07,22.71,-8.06,-23.13,7.75,-0.24,0,0,1,0,0
469404297,97408,29.88,204.23,1.14,-67.29,85.72,104.74,15.38,-9.52,-23.25,7.51,0,0,0,1,0,0
469414565,97408,29.88,204.23,1.25,-67.36,85.39,101.07,13.92,-10.25,-23.32,7.14,0.12,0,0,1,0,0
469424691,97408,29.88,204.23,1.33,-67.44,85.1,106.2,12.45,-16.11,-23.56,7.02,0.31,0,0,1,0,0
469434816,97408,29.88,204.23,1.36,-67.52,84.85,104.74,13.18,-21.97,-23.99,6.96,0.43,0,0,1,0,0
